1250,3.7,38,10,54
1060,4,42,9,75
1350,3.6,37,9,59
1350,3.8,39,10,53
1040,2.5,26,10,59
1240,3.9,40,10,59
1050,4,42,10,74
1090,4,42,10,55
1430,4,42,10,59
1220,4,42,10,74
1490,3.8,39,9,59
1600,3.7,38,9,56
1420,3.4,35,10,69
1050,3.3,34,10,52
1410,3.8,39,9,53
1060,3.5,36,10,59
1090,3.9,40,9,59
1220,3.9,40,9,56
1130,4,42,10,70
1300,3.9,40,10,52
990,3.8,39,10,58
1200,3.3,34,10,74
1030,3.6,37,9,70
1140,4,42,9,58
1040,3.8,39,10,74
920,3.8,39,9,59
1240,3.9,40,9,53
1380,3.9,40,10,74
970,3.8,39,10,57
1280,3.3,34,10,55
1030,3.5,36,9,53
1030,4,42,9,61
1060,3.7,38,9,74
1490,3.8,39,9,59
1430,4,42,9,59
910,3.3,34,9,54
1380,3,31,10,53
1530,4,42,9,59
1430,4,42,10,59
1230,3.9,40,10,59
1170,3.7,38,10,69
1390,3.4,35,9,58
1080,3.8,39,10,70
1460,4,42,10,74
940,4,42,10,52
1320,4,42,9,59
1190,4,42,10,52
1100,3.1,32,10,55
1130,3.8,39,10,58
1130,3.2,33,9,52
1020,3.1,32,10,73
940,3.5,36,9,58
1240,3.9,40,10,52
1240,3.8,39,9,62
1170,3.5,36,9,53
1160,3.6,37,10,51
990,4,42,10,74
1350,3.9,40,10,74
1110,3.7,38,10,59
1530,3.8,39,9,74
1240,3.3,34,9,61
1210,3.7,38,9,57
1490,4,42,10,56
1100,3.8,39,9,59
1230,4,42,10,52
1110,3.3,34,9,57
1200,4,42,10,65
1550,4,42,10,59
1010,3.5,36,9,58
1280,4,42,10,53
1070,3.8,39,10,74
1100,3.9,40,9,54
1380,3.9,40,9,52
1380,3.8,39,9,68
1320,3.9,40,10,61
1280,3.7,38,9,74
1310,3.6,37,9,53
1310,3.9,40,10,56
1100,3.6,37,10,53
1280,4,42,10,59
1250,3.6,37,9,59
1060,2.5,26,10,65
1490,3.8,39,9,59
1040,3.7,38,10,59
890,3.1,32,10,74
1270,3,31,10,52
1220,3.7,38,9,53
1410,4,42,10,52
950,3.7,38,10,55
1210,4,42,9,56
1110,3.6,37,10,74
1380,3.8,39,9,52
1060,4,42,9,53
1170,3.9,40,10,57
1380,3.6,37,9,59
1170,3.6,37,9,52
1210,3.9,40,10,52
1310,3.8,39,9,59
1250,3.9,40,9,59
1600,4,42,10,59
940,4,42,10,52
1210,3.7,38,10,52
1030,3.7,38,10,54
1160,3.7,38,9,56
1090,3.1,32,9,74
1220,3.4,35,10,53
1120,4,42,9,70
1230,3.9,40,10,61
1240,3.9,40,9,62
1290,3.7,38,10,64
1210,4,42,9,62
1100,3.9,40,10,74
1600,4,42,10,59
1210,3.8,39,9,74
1340,3.8,39,10,59
1100,3.7,38,10,55
1320,3.6,37,10,65
1480,3.6,37,9,52
1380,3.6,37,9,69
1280,3.7,38,10,74
1160,3.7,38,10,73
1210,4,42,9,59
1460,3.9,40,9,55
1380,4,42,10,59
1170,3.8,39,9,63
1060,4,42,9,74
1300,4,42,9,63
1090,3.6,37,9,61
1280,2.7,28,9,76
1060,3.9,40,9,52
1190,3.4,35,9,56
1350,3.1,32,9,59
1310,3.9,40,10,59
1330,3.7,38,9,76
1080,3.9,40,9,69
1200,3.6,37,10,59
1340,3.5,36,9,59
1240,3,31,10,69
1280,3.4,35,9,56
1350,3.3,34,10,62
1490,3.5,36,9,59
1320,4,42,10,70
1110,4,42,9,58
1000,3.7,38,9,74
1460,2.5,26,9,56
1280,3.1,32,10,56
940,3.9,40,9,57
1250,4,42,10,60
1460,4,42,9,61
840,3.4,35,10,59
1160,2.8,29,10,53
1300,3.8,39,10,70
1280,3.8,39,9,62
1420,4,42,10,59
1340,3.2,33,9,59
1290,3.4,35,10,60
1460,3.9,40,9,52
1330,3.9,40,9,54
1380,3.8,39,10,65
1100,4,42,9,58
1240,3.5,36,9,52
1390,3.7,38,10,59
920,3.8,39,9,56
1060,3.8,39,9,53
1350,4,42,10,59
1240,3.5,36,9,52
1060,3.1,32,10,74
1170,3.5,36,10,59
1200,3.8,39,9,58
1290,3.2,33,9,65
1460,3.9,40,10,59
1460,3.9,40,10,59
1140,4,42,10,59
1220,4,42,9,56
1460,4,42,9,52
1350,4,42,9,53
1380,4,42,10,74
1150,3.7,38,10,61
1220,3.7,38,10,62
1340,3.9,40,9,74
1100,3.5,36,10,56
1210,3.9,40,10,56
1320,4,42,9,61
1210,4,42,10,52
1030,3.9,40,9,74
1150,4,42,10,70
1350,4,42,10,59
1310,3.7,38,10,59
1110,3.4,35,10,59
1380,3.2,33,10,59
1430,3.5,36,10,59
1170,3.6,37,9,76
850,3.8,39,9,56
1210,4,42,10,53
1490,4,42,10,60
1130,3.9,40,9,74
980,3.5,36,10,69
1380,3.9,40,9,53
1250,4,42,9,69
880,3.1,32,9,74
1060,3.7,38,9,53
920,2.3,24,10,58
1060,3.7,38,10,53
1280,3.6,37,10,64
990,3.2,33,10,55
1150,3.3,34,9,70
1260,4,42,10,77
1030,3.2,33,10,60
1210,4,42,10,52
1110,3.8,39,9,53
1360,3.2,33,9,52
1240,3.7,38,10,60
1380,4,42,9,52
1240,3,31,10,61
1270,3.7,38,9,55
1490,4,42,9,53
1350,4,42,9,58
880,3.8,39,10,54
950,3.8,39,10,56
1130,3.8,39,9,74
1130,3.6,37,10,56
1260,3.8,39,9,62
1130,3.5,36,10,69
1350,3.8,39,10,50
1280,3.8,39,9,62
1190,4,42,9,70
1130,2.8,29,9,56
1560,4,42,10,70
1240,3.8,39,10,59
1050,3.8,39,9,59
1130,4,42,9,76
1210,3.1,32,9,56
920,3.7,38,10,76
1420,4,42,10,53
1240,3.9,40,10,52
1200,3.9,40,9,59
1490,3.9,40,9,54
1310,3.9,40,10,50
1190,4,42,10,59
1340,3.8,39,9,56
1380,4,42,9,58
1420,4,42,9,74
1100,3.7,38,9,70
1310,3.8,39,10,52
1350,3.9,40,9,54
1090,3.3,34,10,55
1410,3.8,39,10,65
1400,3.8,39,9,53
1210,3.6,37,9,53
1320,3.3,34,9,59
1350,3.9,40,10,59
1060,3.5,36,9,74
1190,3,31,9,61
1310,4,42,10,53
1260,3.8,39,10,59
1210,3.3,34,9,70
1240,3.5,36,9,59
1130,4,42,10,57
1040,3.4,35,10,76
1100,4,42,10,53
1250,4,42,9,59
1460,3.8,39,9,56
880,3.4,35,10,69
1350,3.7,38,10,53
1100,3.4,35,10,52
1330,3.1,32,10,59
1380,3.4,35,9,62
1100,4,42,9,74
1420,4,42,9,52
1130,3.5,36,9,53
1090,3.7,38,9,54
1350,4,42,10,52
1560,3.8,39,10,56
1230,3.6,37,9,58
1310,3.9,40,10,59
1460,3.4,35,10,59
1240,3.6,37,10,75
1240,4,42,9,58
1170,3.7,38,10,69
1460,2.9,30,10,52
1050,4,42,10,74
1180,3.2,33,9,74
1380,3.7,38,10,59
1180,3.7,38,9,59
1270,3.9,40,9,70
1330,3.4,35,10,62
1170,3.9,40,9,58
1460,3.8,39,10,57
990,3.7,38,10,76
1210,4,42,10,53
1280,4,42,9,74
1210,3.8,39,10,74
1130,3.8,39,9,74
1330,3.9,40,10,52
1420,4,42,10,54
970,3.7,38,10,53
1100,3.2,33,10,53
1110,4,42,10,70
1420,3.2,33,10,62
1280,3.6,37,10,52
1560,3.7,38,10,59
1210,3.9,40,10,74
1460,4,42,9,59
1240,3,31,9,52
1350,3,31,9,55
1130,3.7,38,10,55
1170,4,42,9,59
1380,3.4,35,9,62
1490,4,42,10,59
1170,2.7,28,10,59
1210,4,42,9,58
1400,3.8,39,10,53
1560,3.8,39,9,59
1110,3.8,39,9,74
1190,3.1,32,9,74
1380,3.9,40,9,59
1400,3.6,37,9,59
940,2.9,30,10,59
950,3.7,38,10,50
1280,3.9,40,9,59
1230,3.5,36,10,52
1130,4,42,10,70
990,3.5,36,9,74
1150,4,42,10,52
1430,3.8,39,10,59
1030,4,42,9,61
1280,3.8,39,10,52
1230,4,42,9,59
1240,3.8,39,10,55
1000,3.7,38,10,74
1240,3.6,37,9,61
900,4,42,9,57
1310,3.9,40,9,52
1150,3.7,38,10,74
1490,3.8,39,10,59
1140,3.9,40,9,76
1320,3.8,39,9,70
1080,3.8,39,10,76
1140,4,42,10,56
1170,3.6,37,9,74
1310,3.7,38,10,59
1210,3.6,37,9,59
1380,3.6,37,9,56
1150,3.2,33,10,74
1170,3.6,37,9,57
1060,3.7,38,10,74
1280,4,42,10,59
1380,3.9,40,10,59
1420,4,42,10,59
1150,3.7,38,10,52
1090,3.3,34,9,70
1180,4,42,9,51
1280,4,42,10,52
1220,3.1,32,10,74
1130,4,42,9,70
1370,3.6,37,10,60
1200,4,42,10,52
1170,3.3,34,9,74
1420,4,42,10,73
1190,4,42,9,70
1460,3.8,39,10,74
1380,4,42,9,50
1400,2.9,30,10,53
1150,3.8,39,9,73
1110,3,31,10,54
1100,3.5,36,9,53
1380,3.9,40,9,59
1240,3.7,38,9,59
1310,3.6,37,10,74
1210,3,31,10,59
1210,3.8,39,10,53
920,2.5,26,10,74
1220,4,42,9,53
1310,3.8,39,10,74
1110,2.5,26,9,74
1420,3.3,34,10,57
1090,3.5,36,9,74
1420,3.9,40,10,59
1240,3.4,35,10,59
1120,3.3,34,10,62
1090,3,31,10,74
1280,3.3,34,9,59
1240,3.3,34,10,59
1270,2.7,28,10,59
1300,3.2,33,10,59
1100,3.4,35,10,64
1210,4,42,9,58
1160,3.6,37,10,69
1140,3.2,33,9,56
1190,3.7,38,10,59
1530,3.7,38,10,55
1160,4,42,9,66
1280,3.8,39,9,59
1270,3.8,39,10,70
1280,3.3,34,10,59
1000,3,31,10,58
1490,4,42,9,52
800,3.3,34,10,70
1240,3.7,38,10,53
1240,4,42,10,52
1200,3.5,36,10,53
1420,3.5,36,10,59
1460,3.5,36,9,52
1120,3.8,39,10,53
1270,3.9,40,9,74
1330,3.8,39,10,64
1030,4,42,9,53
1460,3.9,40,10,62
1410,3,31,9,53
1060,3.7,38,10,74
1380,3.5,36,10,53
1230,3.2,33,10,53
1490,4,42,9,52
1120,3.5,36,10,53
1010,3.4,35,10,52
1350,4,42,9,52
1060,3.3,34,10,74
1280,3.4,35,9,59
1140,3.9,40,9,74
1210,3.8,39,9,70
720,3.4,35,9,74
1460,3.9,40,10,68
1220,3.8,39,9,59
1120,2.5,26,9,52
1060,3.6,37,10,52
1100,3.7,38,9,70
1240,3.9,40,10,59
1350,3.6,37,9,69
1030,4,42,9,74
1180,2.9,30,10,53
1190,3.6,37,9,70
1110,3.9,40,10,74
940,3.9,40,9,76
1060,3.8,39,10,57
1380,3.4,35,9,59
1420,4,42,9,52
1240,3.8,39,9,52
1270,3.8,39,10,52
1100,3.7,38,10,74
1280,3.9,40,10,51
1350,3.9,40,10,54
1420,4,42,9,65
1420,3.9,40,9,52
1310,3.7,38,10,59
990,3.8,39,9,52
980,3.3,34,10,74
1280,3.5,36,10,67
1070,3.8,39,9,57
1130,4,42,9,70
1190,3.5,36,10,53
1050,3.7,38,10,56
1000,3.8,39,10,70
990,3.4,35,9,53
1400,4,42,10,59
1160,4,42,10,59
1310,3.9,40,9,59
1310,3.7,38,9,70
1460,4,42,9,52
1310,3.9,40,10,62
1380,4,42,10,59
1460,4,42,10,59
960,3.6,37,9,58
1380,4,42,9,59
800,3.5,36,10,74
1070,3.2,33,9,53
1330,3.6,37,10,52
950,3.6,37,9,52
1460,4,42,10,59
1040,3.8,39,10,61
990,3.1,32,10,61
1240,3.5,36,9,52
1250,3.9,40,9,52
980,4,42,10,59
1220,3.2,33,9,70
1260,3.9,40,10,59
1240,3.9,40,9,56
1060,3.6,37,10,65
1280,3.5,36,10,53
1430,3.7,38,9,66
1460,4,42,10,59
1280,3.9,40,9,52
1380,4,42,10,59
1420,4,42,10,70
1350,3.9,40,9,58
1310,3.7,38,9,59
1350,4,42,9,74
1400,3.7,38,10,74
1490,3.9,40,9,74
1430,4,42,9,52
1040,3.5,36,9,59
1460,3.9,40,10,70
1020,3.5,36,9,56
1210,3.2,33,10,50
1550,3.6,37,9,59
940,3.6,37,9,59
1310,4,42,10,61
1160,3.9,40,9,52
1420,3.5,36,10,74
1350,4,42,9,59
920,3,31,9,53
1350,3.7,38,10,59
1360,2.7,28,9,61
1290,3.8,39,10,59
1150,3.3,34,9,53
900,3.9,40,9,70
1000,3.9,40,10,74
990,3.7,38,9,70
1210,4,42,9,62
1060,4,42,9,74
1190,4,42,9,52
1360,3.5,36,10,74
1190,3.5,36,10,57
1380,3.8,39,9,65
1560,4,42,9,56
1280,3.9,40,9,74
910,3.8,39,9,62
1210,3.7,38,9,54
1380,3.8,39,9,54
1240,3,31,10,53
1020,3.2,33,10,53
1170,3.6,37,10,68
1210,3.9,40,9,50
1420,4,42,10,59
1170,3.6,37,9,75
1280,3.9,40,10,65
1100,3.7,38,9,56
1210,3.5,36,9,69
1070,2.6,27,10,58
1120,3.2,33,10,58
1280,4,42,9,69
1600,4,42,10,59
1550,4,42,9,68
1240,3.4,35,10,60
1080,3.1,32,10,66
1390,2.7,28,10,59
1130,4,42,10,53
1130,3.8,39,9,52
1420,3.6,37,9,52
1190,3.1,32,10,59
950,3.5,36,10,52
1280,3.7,38,10,52
1350,4,42,10,59
1560,4,42,9,59
1250,3.8,39,9,56
1370,3.9,40,10,59
1140,2.9,30,10,74
1280,3.5,36,10,53
1280,3.9,40,9,63
1240,3.2,33,10,56
1350,2.6,27,9,69
880,2.7,28,10,52
1360,3.5,36,10,74
1350,3.8,39,10,50
1180,3,31,10,74
1350,3.6,37,10,52
1420,3.8,39,10,59
860,3.3,34,9,74
1210,3.4,35,9,59
1420,3.6,37,10,52
1380,3.7,38,9,59
1160,3.8,39,9,59
1240,3.5,36,10,61
1380,3.9,40,10,59
1400,4,42,9,59
900,4,42,10,74
1130,4,42,9,65
1000,3.9,40,9,53
1560,3.9,40,9,56
1280,3.4,35,10,59
1320,3.7,38,9,59
1130,3.8,39,10,74
1090,3.1,32,10,74
1030,4,42,9,59
1170,3,31,10,51
1170,3.6,37,10,54
1460,3.7,38,10,52
1390,3.5,36,10,52
1330,4,42,10,59
1080,3.5,36,9,52
1210,2.9,30,10,59
1010,3.5,36,10,51
1030,4,42,9,74
1290,3.8,39,10,52
1420,3.7,38,10,59
1480,3.5,36,10,74
1290,3.5,36,9,74
1280,3.8,39,10,53
1420,4,42,10,53
1210,3.8,39,10,60
1350,3.9,40,9,58
1100,3.8,39,10,53
1350,3.9,40,10,61
970,3.6,37,10,53
1170,3.8,39,9,59
1350,4,42,9,59
1240,2.9,30,9,76
1030,3.5,36,9,52
1350,4,42,9,74
1210,3.5,36,10,59
1320,4,42,10,52
1250,4,42,10,52
1310,3.7,38,10,59
1510,4,42,9,59
1200,4,42,9,73
1460,4,42,10,52
1480,3.8,39,9,59
1170,3.5,36,9,53
1210,3.7,38,10,59
1310,3.8,39,10,62
1180,3.6,37,9,61
1560,3.8,39,10,59
890,3.3,34,9,53
1120,2.7,28,10,53
970,3.3,34,10,52
1280,3.5,36,10,52
1490,4,42,9,54
1240,3.6,37,10,59
1110,3.3,34,10,62
1180,3.6,37,9,69
1130,3.9,40,10,53
990,2.8,29,10,56
1380,3.9,40,9,52
1290,4,42,9,59
1280,3.6,37,10,53
1110,3,31,10,59
1530,4,42,10,59
1350,3.8,39,10,52
1460,4,42,9,69
1350,4,42,10,70
1110,3.2,33,10,62
1060,3.3,34,10,74
1140,4,42,9,59
850,4,42,9,52
1460,3.5,36,9,59
1210,3.8,39,10,59
1270,3.9,40,10,53
1380,3.2,33,9,56
1210,4,42,10,59
1070,3.5,36,10,61
1210,3.8,39,9,63
850,2.8,29,10,74
1170,2.6,27,9,53
1070,3.8,39,9,74
1430,4,42,10,59
990,3.7,38,10,53
1150,3.7,38,10,53
1240,3.5,36,10,59
1530,3.7,38,9,59
1310,4,42,9,59
1380,3.3,34,10,74
1210,3.9,40,9,63
1110,4,42,9,52
1310,3.8,39,10,74
1530,4,42,10,59
1060,3,31,10,74
1490,3.8,39,9,59
1280,3.8,39,10,54
1290,3.5,36,10,70
940,2.9,30,10,53
990,3,31,10,59
1150,3.6,37,10,55
1170,3.7,38,10,52
1380,3.2,33,10,59
1170,3.7,38,10,70
1420,3.8,39,10,70
1320,4,42,9,59
1050,3.6,37,9,52
1310,4,42,9,74
1210,3.4,35,9,59
1460,3.8,39,10,59
1380,3.8,39,10,74
1260,3.7,38,9,74
1240,4,42,9,52
1530,3.9,40,9,59
1460,4,42,10,62
1030,3.1,32,9,60
1060,2.8,29,10,53
800,3.7,38,9,74
1310,3.5,36,10,53
1380,4,42,9,59
1380,3.2,33,9,59
1060,3.8,39,9,50
1490,3.9,40,9,74
1280,3.5,36,9,74
1340,3.8,39,10,65
1530,4,42,9,64
860,3.5,36,10,76
1550,4,42,9,59
1170,4,42,10,73
1310,3.7,38,10,53
1350,3.8,39,9,68
1380,3.9,40,9,55
1080,3.4,35,10,53
1420,4,42,10,57
1250,3.4,35,9,65
1210,2.9,30,9,74
1100,2.9,30,10,53
1340,4,42,9,74
1060,4,42,9,74
1000,3.5,36,10,54
1310,4,42,10,50
1310,3.6,37,9,56
1210,4,42,9,54
1310,3.6,37,10,55
1170,3,31,10,59
1000,3.8,39,9,52
1170,3.8,39,10,76
1190,2.5,26,10,59
1210,3.6,37,10,52
1130,3.9,40,9,58
1210,3.8,39,10,53
940,3.9,40,10,74
1030,3.8,39,9,76
1100,3.7,38,9,76
1560,4,42,10,59
990,4,42,10,74
1010,3.5,36,9,59
990,3.3,34,9,75
1310,3.7,38,10,70
1280,3.8,39,9,69
1330,4,42,9,59
1170,3.9,40,10,57
880,3.1,32,10,53
1360,3,31,9,68
1500,3.6,37,9,56
1280,3.9,40,10,59
1080,3.3,34,10,74
1170,3.7,38,10,52
1240,3.8,39,9,61
1140,4,42,10,74
1280,3.9,40,10,52
1060,3.7,38,9,53
1490,3.8,39,10,52
1070,2.9,30,10,70
1060,3.5,36,9,74
1170,3.8,39,10,53
950,4,42,9,69
1210,3.2,33,9,65
1400,4,42,10,74
1190,3.7,38,10,53
1120,3.8,39,9,74
960,3.9,40,9,74
1210,3.5,36,9,51
980,3.8,39,9,61
1420,3.7,38,10,59
1240,3.6,37,10,52
1480,3.8,39,9,53
1020,3.6,37,9,74
1100,3.7,38,9,53
1170,3.8,39,10,72
1420,4,42,10,59
1370,3.5,36,10,53
1250,3.8,39,9,53
1150,3.9,40,9,52
1310,3.9,40,10,53
1240,3.7,38,10,52
1110,3.9,40,10,53
1270,4,42,10,59
1420,3.7,38,10,56
1030,3.5,36,10,53
1420,3.8,39,10,59
1490,3.9,40,10,69
1110,3.7,38,10,74
1060,3.5,36,9,53
1310,4,42,10,52
1050,3.1,32,10,51
1310,3.6,37,9,53
1310,3.9,40,9,59
1060,3.4,35,10,59
1120,3.2,33,10,53
1110,3.6,37,10,61
1380,3.5,36,10,53
1130,2.9,30,9,58
1380,3.7,38,10,59
1010,3.5,36,10,56
1420,3.5,36,10,52
1240,3.4,35,10,74
1350,3.7,38,10,52
1570,3.9,40,9,59
950,4,42,10,59
1220,3.8,39,10,59
1210,3.8,39,9,53
1380,4,42,10,74
1080,3.3,34,10,53
1130,3.6,37,9,59
1010,3.5,36,9,68
1350,4,42,10,65
1110,3.8,39,9,52
1280,3.4,35,10,65
1350,4,42,10,59
1210,2.8,29,10,70
1330,3.5,36,10,65
1150,3,31,9,74
1180,4,42,9,59
1220,3.7,38,10,59
1300,4,42,10,74
1310,3.9,40,9,65
1170,3.8,39,9,52
1200,3.7,38,9,55
1310,3.5,36,9,74
1020,3.3,34,9,53
1240,3.5,36,10,52
910,3.1,32,9,58
1280,3.9,40,10,59
1490,3.1,32,10,59
1360,3.6,37,10,74
1310,4,42,10,53
1530,4,42,10,59
1490,3.5,36,9,59
870,3.2,33,9,57
1460,4,42,9,54
950,3,31,10,52
1170,3.8,39,10,59
1410,3.7,38,10,59
1490,3.8,39,10,59
1490,4,42,10,52
1290,3.5,36,10,74
1260,4,42,10,74
1350,3.1,32,10,76
1160,3.8,39,9,74
1530,4,42,10,70
1000,3.8,39,10,74
1060,3,31,10,55
1210,3.5,36,9,74
1420,4,42,10,68
1310,4,42,9,59
1100,3.6,37,10,52
1190,3,31,10,53
990,3.6,37,9,74
1380,4,42,9,54
1420,3.3,34,10,52
1460,3.6,37,10,59
1250,3.7,38,10,53
1300,3.7,38,10,59
990,3.6,37,9,65
940,3.3,34,9,59
1350,3.6,37,9,60
1350,3.8,39,9,52
1230,3.7,38,9,69
1120,2.6,27,9,65
1130,3.8,39,10,52
1250,3,31,10,55
1160,4,42,10,74
1240,3.7,38,10,57
830,3.6,37,9,53
1080,3.3,34,9,74
1350,3.5,36,9,55
1170,3.4,35,9,62
1110,3.8,39,9,58
1060,3.9,40,9,58
820,3.8,39,9,58
1310,3.2,33,10,53
1380,4,42,10,56
1070,3.9,40,9,59
1280,3.9,40,9,52
1380,3.5,36,10,59
1100,3.3,34,10,57
1360,4,42,9,59
1210,4,42,10,59
990,3.6,37,9,52
1180,3.8,39,10,74
1210,3.7,38,9,53
1180,3.2,33,10,59
1210,3.4,35,10,54
1140,2.5,26,9,56
1240,3.4,35,10,74
1230,3.9,40,9,66
1340,3.7,38,9,62
1210,3.5,36,10,64
1420,3.8,39,10,59
1470,3.9,40,10,59
1350,3.8,39,9,52
1490,3.8,39,9,55
1030,3.5,36,10,52
1350,3.5,36,10,74
1350,3.9,40,9,65
1230,3.8,39,9,59
1280,4,42,9,75
1130,3.4,35,10,65
1380,4,42,10,52
1560,4,42,10,59
1200,4,42,9,61
760,2.5,26,10,52
1010,3.6,37,10,52
1220,3.8,39,9,59
1310,3.9,40,9,60
1170,3.6,37,9,52
1130,4,42,10,59
1060,3.5,36,9,53
1170,3.4,35,9,57
1390,3.9,40,10,59
1490,3.7,38,10,59
1210,3.3,34,10,52
1490,4,42,10,69
1310,4,42,10,52
1000,3.6,37,9,61
1530,3.9,40,10,59
1420,3.7,38,9,59
1060,3,31,9,55
1190,3.8,39,10,55
1100,3.6,37,10,53
1030,3.6,37,10,74
1290,3.7,38,9,69
1250,3.9,40,9,59
1520,4,42,9,58
1350,4,42,10,62
1150,3.8,39,9,74
1460,4,42,10,74
750,3.4,35,9,53
1230,3.7,38,10,74
1270,3.7,38,10,59
1140,3.9,40,9,60
1210,3.9,40,10,74
1560,3.8,39,9,59
1290,3,31,9,59
990,2.9,30,9,53
1530,3.1,32,10,59
1320,3.8,39,9,57
1270,4,42,9,53
1120,3.6,37,9,55
1460,4,42,9,52
1130,4,42,9,74
1380,4,42,9,74
1170,3.5,36,9,62
1300,3.9,40,10,59
950,3.7,38,10,74
1040,3.3,34,10,53
1030,3.7,38,9,53
1050,3.9,40,9,70
830,3.8,39,9,58
1480,3.8,39,10,52
1270,3.5,36,10,52
1530,3.6,37,10,58
1380,3.8,39,10,56
1000,2.9,30,10,65
1530,3.5,36,10,62
1230,3.5,36,9,68
1240,3.8,39,9,57
1320,3.8,39,9,56
1500,3.3,34,10,68
1160,3.5,36,9,76
1260,3.9,40,9,53
1010,3.4,35,9,59
1110,4,42,10,59
1090,3.8,39,9,66
1310,3.9,40,10,59
1360,3.9,40,10,59
1380,3.7,38,10,69
1370,3.8,39,9,59
1360,4,42,9,74
920,3.1,32,10,69
1380,4,42,10,59
1380,4,42,10,70
1420,3.7,38,10,60
1370,4,42,10,62
1270,3.8,39,9,52
1560,4,42,10,59
880,3.5,36,9,52
1350,4,42,9,53
1210,4,42,10,74
1350,3.6,37,10,74
1230,3.9,40,10,57
1170,3.6,37,10,59
1280,3.7,38,9,68
950,4,42,9,58
1280,3.7,38,9,69
1040,3.8,39,9,59
1170,3.7,38,9,53
1270,4,42,9,52
1310,3.5,36,10,52
1340,3.9,40,10,58
1320,3.9,40,10,74
1490,4,42,10,59
1170,3.2,33,10,57
950,3.6,37,10,52
940,2.8,29,10,59
1380,3.6,37,10,64
1280,3.5,36,9,52
1280,4,42,9,74
1170,3.9,40,9,53
1130,3.6,37,9,52
1210,3.5,36,9,52
1280,4,42,10,52
1310,3.5,36,9,52
1380,4,42,10,59
1350,4,42,10,56
980,3.5,36,10,60
1560,4,42,9,59
1350,3.9,40,10,59
1310,3.7,38,10,53
970,3.8,39,10,74
1340,3.8,39,10,59
1370,3.7,38,9,68
950,3.6,37,10,72
1170,3.5,36,10,65
970,3.2,33,9,59
1230,3.8,39,9,69
1130,3.7,38,9,52
1490,3.8,39,10,59
1170,4,42,9,65
1360,3.7,38,10,59
1330,3.1,32,9,56
1060,3,31,10,59
1200,3.7,38,9,68
1200,3.7,38,9,53
1420,3.9,40,10,59
1360,4,42,9,70
1180,2.9,30,10,52
810,2.9,30,10,65
1330,3.5,36,10,59
1210,4,42,9,69
1310,3.6,37,9,53
1030,3.7,38,9,74
1320,3.9,40,10,52
1280,3.4,35,10,56
950,3.4,35,10,74
1180,3.9,40,10,70
1420,3.8,39,10,74
1490,4,42,9,59
1010,3.1,32,10,59
1290,3.4,35,10,58
1320,3.8,39,10,59
1130,4,42,9,70
1280,3.7,38,10,53
960,3.5,36,9,52
1330,3.6,37,9,53
1280,3.7,38,9,56
1150,3.5,36,9,70
920,4,42,9,58
1060,4,42,9,59
1310,3.3,34,10,53
1460,3.8,39,9,56
1120,2.8,29,10,58
1420,4,42,9,59
1380,3.6,37,10,59
1310,3.6,37,10,74
1350,3.2,33,10,52
1280,3.8,39,9,55
1240,3.6,37,10,58
1380,3.7,38,10,53
1350,4,42,10,59
1260,3.2,33,10,59
1060,3,31,10,74
1160,3.8,39,9,59
990,2.9,30,10,74
1120,3.2,33,10,70
1190,3.8,39,9,52
1280,3.4,35,10,64
1360,3,31,10,67
950,3.9,40,9,74
1170,4,42,10,74
1380,4,42,10,52
1150,4,42,10,61
1460,3.7,38,9,54
1370,3.3,34,9,53
1460,3.5,36,10,52
1130,3.2,33,10,55
1130,3,31,9,51
1210,3.8,39,9,53
1210,3.5,36,9,57
1150,3.9,40,10,59
1520,3,31,9,58
1170,3.5,36,10,53
1370,3.7,38,10,69
1370,3.9,40,10,59
1240,3.9,40,9,59
1210,3.7,38,10,70
1390,3.4,35,10,59
1480,3.9,40,10,59
1260,3.8,39,9,52
1220,3.7,38,10,53
1380,4,42,9,59
1330,4,42,10,74
1420,3.8,39,9,55
1530,4,42,9,59
1220,3.8,39,9,56
1080,3.6,37,10,58
1420,3.8,39,10,59
1110,3.9,40,9,70
1420,4,42,10,59
1200,3.9,40,9,74
1180,4,42,10,65
1310,3.3,34,10,70
1490,3.6,37,9,74
1280,3.5,36,10,53
1340,4,42,10,53
890,3.7,38,10,53
1150,4,42,9,74
1250,3,31,10,70
980,3.4,35,10,53
1360,3.6,37,10,59
1380,4,42,10,74
1170,3.3,34,10,53
1310,3.9,40,9,59
1380,4,42,10,52
1490,4,42,10,59
820,3.4,35,9,69
1380,4,42,10,74
1100,4,42,10,59
1030,4,42,10,59
1200,3.4,35,10,53
1110,3.8,39,9,74
1350,3.8,39,10,52
950,3.1,32,10,50
1240,3.9,40,10,59
1380,3.6,37,10,59
1420,4,42,10,53
1320,3.7,38,10,59
920,3.8,39,10,59
1120,3,31,9,53
1220,3.7,38,9,59
960,4,42,9,65
1240,3.5,36,10,54
1220,3.7,38,9,74
1340,3.9,40,9,58
1210,4,42,9,52
1210,3.5,36,10,55
1260,3.3,34,9,65
1130,3.2,33,10,53
1200,3.8,39,10,65
990,3.3,34,9,53
1380,3.6,37,10,57
1060,3,31,9,70
1350,3.6,37,10,74
1130,3.4,35,9,74
1380,4,42,10,59
1560,4,42,9,74
1180,3.2,33,9,70
1190,3.9,40,10,56
990,4,42,9,52
1290,3.6,37,9,52
1230,4,42,9,74
780,3.7,38,10,52
1530,3.5,36,10,56
1210,3.5,36,10,58
1120,3.8,39,10,58
1120,3.8,39,9,59
930,3.5,36,9,73
1090,3.9,40,9,53
1270,4,42,9,61
1380,3.8,39,9,58
1130,4,42,10,74
1420,4,42,10,74
1060,3.7,38,10,52
1240,3.3,34,10,55
1350,4,42,10,59
1100,3.6,37,10,74
1380,3.9,40,9,74
1170,3.9,40,10,52
1240,3.8,39,10,53
1350,3.3,34,10,53
1280,3.9,40,9,70
1460,3.9,40,10,59
1220,3.7,38,10,59
1290,3.8,39,10,60
1200,3.8,39,9,59
1220,4,42,10,70
1110,3.7,38,10,62
1070,3.6,37,9,74
1180,3.7,38,9,59
720,3.8,39,9,65
1180,3.9,40,10,51
1010,4,42,9,59
1050,3.9,40,9,74
990,4,42,10,59
1380,3.9,40,9,61
880,2.8,29,10,59
1210,3.1,32,9,68
1280,3.8,39,10,74
1270,3.8,39,10,75
1040,3.9,40,9,52
1160,4,42,10,58
1190,3.4,35,10,59
1490,4,42,10,59
1310,3.7,38,9,52
1110,3.6,37,9,53
1210,4,42,10,53
1130,3.7,38,9,53
1530,4,42,9,52
810,3.8,39,9,70
1380,3.9,40,9,57
1360,3.6,37,10,59
1230,3.8,39,9,59
1220,3.7,38,10,53
1350,3.7,38,9,56
1420,3.9,40,9,74
1250,4,42,10,59
1350,3,31,10,74
1170,4,42,9,56
1380,3.9,40,10,61
1310,3.8,39,10,58
1040,4,42,10,61
1490,3.9,40,10,59
1350,3.9,40,9,74
950,3.1,32,10,65
1210,3.8,39,10,61
1240,3.5,36,9,74
1210,3.6,37,9,74
1130,3.9,40,9,59
1060,3.8,39,9,54
970,3.2,33,10,51
1530,3.2,33,9,59
1170,4,42,9,74
1240,3.9,40,9,52
1340,3.7,38,9,52
1420,3.7,38,9,74
990,3.6,37,9,61
1490,4,42,10,59
1280,4,42,10,51
1380,3.8,39,10,59
990,4,42,9,52
1460,3.8,39,10,59
1180,3.2,33,10,50
1320,4,42,10,74
1380,3.2,33,10,59
1420,4,42,9,53
1000,4,42,10,52
1070,4,42,9,53
1210,3.9,40,10,53
1260,4,42,9,55
1460,3.9,40,9,59
1220,3.2,33,9,53
1560,4,42,9,59
1560,3.9,40,10,59
1310,3.1,32,10,52
1490,4,42,10,65
1030,4,42,9,53
1210,3.8,39,9,59
1060,3.5,36,9,74
1390,3.7,38,9,55
960,3.4,35,9,74
1410,3.8,39,9,68
1210,3.4,35,10,62
1120,3.3,34,9,61
1310,3.7,38,10,74
1500,3.9,40,9,59
1360,3.5,36,10,59
1250,3.9,40,10,60
1380,4,42,9,56
1450,3.8,39,9,56
1280,3.1,32,10,74
1420,3.9,40,9,62
1330,3.8,39,10,59
1030,3.5,36,9,74
1200,3,31,9,54
1340,3.8,39,9,52
850,3.6,37,9,53
1230,3.6,37,9,53
880,2.7,28,9,56
1230,3.5,36,9,53
1240,4,42,10,53
1040,3.5,36,9,76
950,3.8,39,10,74
1280,3.5,36,9,52
1220,3.4,35,10,53
1530,4,42,10,59
910,3.8,39,10,52
1040,3.5,36,9,74
1290,3.8,39,10,59
1130,3.9,40,9,51
1150,3.6,37,10,59
1250,3.9,40,10,69
1070,3.5,36,10,53
1380,4,42,9,59
1310,3.9,40,10,62
1340,3.8,39,9,59
1290,4,42,9,59
1310,3.9,40,10,74
810,3.3,34,10,75
1100,4,42,9,57
1300,4,42,10,52
1060,4,42,10,52
1300,3.6,37,9,59
1100,3.7,38,9,70
1000,4,42,10,73
1240,3.4,35,10,52
1240,3.7,38,9,52
1230,3.8,39,9,59
1360,4,42,9,76
1310,2.4,25,9,56
1220,3.5,36,9,70
1410,3.8,39,10,59
720,2.9,30,10,54
1090,3.8,39,9,75
1130,3,31,9,75
830,3.5,36,9,53
1270,3.6,37,9,54
1020,3.2,33,10,53
1140,3.5,36,9,70
1480,3.4,35,10,56
1280,3.9,40,10,65
1220,3.4,35,10,53
1180,3.6,37,10,53
1100,3.7,38,10,74
1420,4,42,9,59
1490,3.9,40,9,59
1340,3.8,39,10,52
1000,3,31,10,74
1250,2.7,28,10,59
1280,3.3,34,9,53
1190,3,31,9,61
1460,4,42,10,59
990,3.1,32,10,52
1010,3.5,36,9,60
1170,3.7,38,10,62
920,2.3,24,9,59
990,3.5,36,10,58
1280,3.7,38,9,70
1380,3.9,40,9,52
1050,3.6,37,9,58
1380,3.9,40,10,69
1270,4,42,9,61
1420,3.8,39,10,62
1030,3.9,40,10,74
1240,3.9,40,10,59
1130,3.6,37,9,55
1280,3.9,40,9,53
1420,3.7,38,10,52
1330,3.4,35,10,59
1460,3.7,38,10,59
1490,3.4,35,10,69
1240,3.8,39,9,56
1060,3.8,39,9,74
1250,3.7,38,10,59
1380,3.4,35,9,59
1280,3.4,35,9,69
1340,3.8,39,10,53
1000,3.4,35,9,74
1250,3.8,39,9,53
1210,3.2,33,10,53
1260,3.7,38,9,74
920,4,42,10,56
1230,4,42,10,59
1390,3.7,38,10,59
1240,3.6,37,9,69
1530,4,42,9,59
1370,4,42,10,65
1170,3.6,37,10,53
1110,3.8,39,10,65
1380,3.3,34,10,73
1310,3.7,38,9,74
1290,3.8,39,9,68
1210,3.5,36,10,70
1140,3.6,37,9,59
1100,4,42,10,63
1100,3.2,33,9,72
1310,4,42,9,59
1380,3.9,40,9,58
1350,3.6,37,10,62
1010,3.6,37,10,74
1420,4,42,10,53
1060,3.5,36,9,69
1420,3.6,37,9,59
1240,3.5,36,9,59
1140,3.7,38,10,52
1210,3.7,38,9,52
1190,3.8,39,10,55
1430,4,42,9,52
1270,3.6,37,9,74
1280,3.5,36,10,59
1280,3.7,38,10,59
990,3.4,35,10,75
920,2.8,29,10,58
1380,4,42,9,59
1360,3.5,36,10,59
1060,4,42,9,59
1030,3.8,39,10,74
1290,3.9,40,9,53
1150,3.6,37,9,57
920,3.4,35,10,74
1170,3.7,38,10,67
930,3.9,40,10,53
1240,3.8,39,9,70
1240,4,42,10,65
1200,3.7,38,10,59
770,3.3,34,9,56
1420,4,42,10,59
1310,3.8,39,10,58
1240,3.5,36,10,58
1290,3.9,40,10,57
1200,3.2,33,10,59
1290,3.8,39,10,59
1290,3.5,36,9,53
1170,3.8,39,9,59
1350,3.8,39,10,59
1420,3.7,38,9,69
1100,3.3,34,9,74
1170,3.6,37,9,54
1420,4,42,9,56
1210,3.4,35,10,56
1440,3.7,38,9,56
1420,3.9,40,10,56
1030,4,42,10,61
1130,3.8,39,10,76
1040,3.8,39,9,58
850,4,42,9,56
1220,4,42,9,62
1380,3.7,38,10,51
1300,3.9,40,9,70
1530,3.5,36,9,56
1130,3,31,10,53
1150,3.7,38,10,63
1350,3.8,39,10,76
1170,3,31,10,55
1220,3.8,39,10,52
1230,3.6,37,9,74
1080,4,42,9,53
1240,3.1,32,10,56
1070,3.7,38,9,74
1100,3.9,40,9,74
1240,4,42,9,59
1030,3.4,35,10,59
1210,3.7,38,9,53
1320,4,42,10,52
890,4,42,10,74
1170,3.8,39,10,59
1310,3.6,37,9,62
970,4,42,9,70
1060,3.1,32,10,70
1250,4,42,9,70
1560,3.9,40,10,56
1210,3.9,40,9,69
1490,3.9,40,10,59
1210,3.2,33,9,53
1420,3.8,39,9,51
1140,4,42,9,59
1210,3.7,38,10,53
1130,3.9,40,9,59
1200,3.8,39,10,59
1130,3.8,39,9,59
1530,4,42,10,66
1310,3.8,39,10,53
770,3,31,9,74
1460,3.8,39,10,52
1330,3.7,38,10,59
1300,3.9,40,9,53
1100,3.9,40,9,52
1290,3.3,34,9,53
1300,4,42,9,59
1310,3.8,39,9,58
1350,3.7,38,10,59
1130,3.4,35,10,64
1000,3.5,36,10,58
960,3.5,36,9,74
1340,3.1,32,10,70
1350,3.7,38,9,69
890,4,42,10,52
1240,4,42,9,53
1420,3.4,35,10,53
900,4,42,10,59
1200,3.8,39,10,70
1420,3.9,40,9,52
1380,3.9,40,9,74
1090,3.5,36,10,60
1130,3.8,39,10,55
1030,3.2,33,10,55
1100,3.8,39,9,53
1350,3.8,39,10,55
1100,3.9,40,10,65
1030,3,31,10,58
1130,4,42,9,64
1420,4,42,10,52
1210,2.5,26,10,56
990,3.2,33,10,58
1090,4,42,10,53
1270,3.6,37,9,59
1060,3,31,10,57
1530,3.9,40,10,57
1380,3.8,39,9,65
1150,3.9,40,10,52
1100,3,31,10,69
1210,3.8,39,10,53
1210,3.9,40,9,59
1400,4,42,9,55
1000,3.5,36,9,53
1110,3.8,39,10,70
1120,3.6,37,10,53
940,3.8,39,10,65
1280,3.6,37,10,53
1130,3.9,40,10,52
1290,2.5,26,10,59
1170,3.7,38,10,65
1280,3.8,39,10,52
1100,3.7,38,9,58
1370,3.5,36,9,68
1050,4,42,9,74
880,3,31,9,53
920,3.8,39,10,59
1430,3.8,39,10,59
980,3.2,33,10,58
1360,3.8,39,9,51
1200,3.8,39,10,53
1280,3.7,38,10,53
1080,3.4,35,9,59
1240,3.5,36,10,74
1330,3,31,10,74
1310,3.5,36,10,62
1170,2.5,26,10,52
1130,3.6,37,9,53
1330,3.7,38,10,59
1350,3.9,40,10,56
1310,4,42,9,56
1350,3.2,33,10,56
1210,3.9,40,9,74
1210,3.8,39,9,59
1170,3.8,39,9,52
1420,3.8,39,9,74
1380,3.4,35,10,52
1310,4,42,9,74
1490,3.8,39,10,61
1320,3.5,36,10,73
1330,3.7,38,9,76
1230,3.3,34,10,64
1490,3.9,40,10,52
1100,3.8,39,9,52
1280,3.8,39,9,60
1310,3.5,36,9,59
990,3.6,37,9,74
1190,4,42,10,69
1240,4,42,10,59
1460,4,42,9,53
1470,4,42,10,59
1350,3.8,39,9,74
1140,3.5,36,9,56
1440,4,42,10,65
1170,3.9,40,10,59
1490,3.7,38,10,59
1240,3.1,32,10,56
1030,3.9,40,10,59
1460,3.3,34,10,69
1210,3.5,36,10,59
1500,3.8,39,9,59
1170,4,42,9,74
1360,3.9,40,9,53
1530,3.6,37,9,56
1490,3.4,35,9,59
1210,3.8,39,10,60
1240,3.7,38,9,59
1140,2.8,29,10,51
1130,3.6,37,10,62
1100,3.5,36,9,70
1260,3.8,39,9,52
1490,3.8,39,9,52
1110,3,31,9,53
1180,3.4,35,10,53
1180,3.5,36,10,53
1290,3.8,39,9,59
1240,3.9,40,10,56
1130,3.1,32,10,53
1030,4,42,9,74
1170,3.8,39,10,59
1120,2.9,30,9,55
1170,3.3,34,10,63
1420,4,42,10,74
1560,4,42,10,59
1360,3.6,37,9,59
1380,3.9,40,10,52
1350,2.8,29,9,74
1380,3.8,39,9,50
1170,4,42,10,74
1380,3.9,40,9,52
1490,4,42,10,59
1280,3.7,38,10,52
1110,3.8,39,9,59
1120,4,42,10,50
1320,4,42,9,59
1340,3.9,40,10,59
1240,4,42,9,59
1210,2.9,30,9,53
1410,4,42,10,61
1420,4,42,10,59
1490,4,42,9,61
1290,4,42,9,57
880,4,42,10,74
1310,3.8,39,10,52
1010,3.7,38,9,70
1250,3.4,35,10,53
1120,3.1,32,10,74
1310,3.7,38,10,52
1170,3.5,36,10,53
1130,4,42,10,52
1400,4,42,9,59
1350,3.2,33,9,66
1510,3.9,40,9,68
1180,3.8,39,9,68
1310,4,42,10,59
1130,4,42,9,55
1600,3.6,37,9,59
1100,3.6,37,9,74
840,3,31,10,56
1490,4,42,9,56
1240,3.4,35,10,74
1080,3.9,40,9,50
1030,3.7,38,9,57
1240,3.4,35,10,59
1420,3.9,40,10,59
940,3.6,37,10,56
1230,3.5,36,9,56
1380,4,42,10,54
1100,4,42,10,76
1260,4,42,9,59
1280,3.6,37,9,74
980,3.5,36,9,74
1190,4,42,9,70
1420,3.8,39,10,74
1260,3.7,38,9,70
980,4,42,9,76
1270,4,42,9,59
1270,3.7,38,10,69
1110,3.5,36,10,53
1050,3.6,37,10,64
1100,3,31,9,59
1170,3.4,35,10,70
1170,3,31,10,53
1380,3.8,39,9,53
1240,4,42,9,59
1400,4,42,10,53
1350,3.7,38,9,70
1100,2.4,25,9,70
1360,3.6,37,9,56
1140,3.4,35,9,74
1120,3.6,37,9,74
1100,3.4,35,9,52
1130,3.4,35,10,65
1350,3.5,36,9,61
1280,3.7,38,9,52
1480,4,42,10,59
1290,4,42,10,74
1490,4,42,10,59
1310,3.7,38,9,70
1420,4,42,10,59
1390,3.9,40,9,59
970,3.9,40,9,53
1200,3.5,36,9,54
1170,3.5,36,9,58
1200,3.5,36,9,75
1140,3.2,33,10,59
1320,3.9,40,10,68
1090,3.6,37,9,74
1310,3.3,34,10,74
1350,4,42,9,59
1210,3.9,40,9,59
1010,3.5,36,10,52
1340,2.5,26,10,74
1540,4,42,9,59
1170,4,42,10,61
1240,3.7,38,9,70
1240,4,42,9,55
1470,3.6,37,9,53
1030,3.3,34,9,57
1490,3.7,38,10,61
1290,3.4,35,10,64
1460,4,42,10,59
1290,3.6,37,9,60
1130,3.7,38,9,70
1150,3.7,38,9,70
1060,3.4,35,9,70
880,3,31,10,74
910,3.4,35,9,76
1290,3.8,39,9,59
1130,3.3,34,10,59
1420,3.7,38,10,59
1070,3.3,34,10,52
1410,3.9,40,10,74
1250,3.5,36,10,59
1310,3.6,37,10,53
1080,3.7,38,10,74
1220,3.6,37,10,74
1210,3.8,39,9,57
990,2.6,27,10,52
940,3.9,40,10,53
1310,4,42,10,56
1190,3.3,34,10,59
1490,4,42,9,59
920,3.8,39,10,76
1100,4,42,9,60
1110,4,42,9,53
1060,2.7,28,10,53
1010,4,42,9,76
1310,3.5,36,10,59
1380,3.9,40,9,57
820,2.6,27,10,52
1340,3.8,39,9,53
1350,3.8,39,9,60
990,3,31,10,57
920,3.7,38,10,59
1060,3.8,39,9,69
1300,4,42,10,59
1170,3.7,38,10,74
1250,4,42,9,62
1380,3.1,32,10,74
1170,4,42,9,54
1310,4,42,9,52
1130,3.6,37,10,55
1420,4,42,9,69
1070,3.8,39,10,74
1070,3,31,9,68
1040,2.8,29,9,59
1060,4,42,9,59
1080,3.9,40,9,58
1260,3.8,39,10,52
810,3.4,35,9,73
1190,3.7,38,10,57
1110,3.8,39,10,74
1240,3.9,40,9,59
1350,3.6,37,9,63
1270,3.5,36,10,59
1330,3.4,35,9,70
1100,3.7,38,10,54
1230,3.9,40,10,62
1420,3.8,39,10,59
1420,3.9,40,9,59
1360,4,42,10,53
1350,4,42,10,59
1530,3.6,37,9,56
1400,3.9,40,9,59
1260,3.7,38,10,59
1210,3.9,40,10,74
1200,4,42,10,59
1120,3.8,39,10,57
1120,3.5,36,10,70
1270,3.5,36,10,59
1060,4,42,10,70
1130,4,42,10,53
820,2.8,29,10,59
1270,3.4,35,9,50
1450,4,42,10,59
1190,3.9,40,9,52
1280,3.8,39,9,59
1200,3.5,36,9,52
1240,3,31,9,53
1430,4,42,10,59
1210,3.6,37,10,59
990,3.6,37,10,76
1280,4,42,10,59
1210,2.3,24,9,65
1350,3.7,38,9,53
1460,4,42,9,54
1340,3.4,35,10,64
1350,3.5,36,10,52
1020,3.7,38,10,55
1190,3.8,39,9,74
1150,3.6,37,9,50
990,4,42,9,74
1460,4,42,10,53
1460,4,42,9,59
1280,3.8,39,9,59
1460,3.6,37,10,58
1320,3.8,39,10,74
1260,4,42,10,59
1560,4,42,10,59
1350,3.9,40,10,60
1170,3.5,36,10,69
1210,3.2,33,9,59
1250,4,42,10,59
1380,3.9,40,9,52
1150,4,42,9,56
1340,3.4,35,9,53
1060,2.2,23,9,53
1210,3.3,34,9,69
1460,4,42,9,59
1240,3.6,37,9,59
1210,3.6,37,9,58
1350,3.9,40,10,59
1180,3.4,35,9,52
1280,4,42,9,61
1540,4,42,10,59
980,2.4,25,10,57
1380,4,42,9,59
1020,2.8,29,10,53
1170,3.3,34,10,53
1560,3.9,40,9,61
1210,3.5,36,10,57
1220,3.4,35,9,52
1530,3.9,40,9,52
850,3.9,40,10,53
1210,3.5,36,10,53
1350,3,31,9,53
1280,3.8,39,9,74
1510,4,42,9,52
720,3,31,10,76
1210,3.1,32,9,53
1040,3.7,38,10,55
1060,3.5,36,10,76
950,3.5,36,9,59
1230,3.5,36,9,52
1100,3.5,36,10,52
1070,3,31,9,56
1250,3,31,10,68
1280,4,42,9,52
1530,4,42,10,59
1160,3.7,38,9,59
730,2.9,30,9,52
1230,3.5,36,9,59
1100,3.7,38,9,51
1230,3.5,36,10,53
1570,4,42,10,56
1110,4,42,10,59
1300,3.2,33,9,59
1170,3.7,38,10,59
1180,3.2,33,10,56
1350,3.8,39,10,59
1370,4,42,10,56
1300,3.2,33,10,74
1350,3.5,36,10,69
770,3.4,35,10,52
1350,4,42,10,59
990,3.4,35,9,52
1390,4,42,9,59
920,4,42,10,59
1180,4,42,9,58
1120,4,42,10,52
1170,4,42,9,56
1240,3.8,39,9,52
1110,3.5,36,10,59
1320,3.6,37,10,74
1240,3.6,37,9,55
1530,3.8,39,9,59
1420,3.1,32,10,59
1320,4,42,10,59
1260,3.8,39,10,59
1280,4,42,10,53
1310,3.9,40,9,54
1220,3.3,34,9,53
1260,3.4,35,10,59
1010,3.9,40,10,74
1380,4,42,10,52
950,3.2,33,9,65
820,3.3,34,10,60
1180,3.8,39,9,53
1590,4,42,9,54
1240,3.6,37,10,52
1280,4,42,10,74
1420,3.6,37,9,58
1120,3.3,34,10,74
1420,4,42,10,74
1060,3.8,39,10,52
1260,3.4,35,10,74
1100,3.4,35,10,74
1170,3.5,36,10,59
1090,3.9,40,9,52
1210,3.6,37,10,52
1310,3.3,34,10,53
1220,2.7,28,10,61
1280,4,42,10,74
1120,3.3,34,10,55
1060,3.4,35,10,76
1100,3.9,40,10,59
1460,4,42,10,59
990,3.5,36,9,74
1280,3.7,38,10,70
1030,4,42,10,65
1330,3.5,36,10,53
1380,3.8,39,9,52
1170,3.9,40,10,53
1280,4,42,9,70
1420,4,42,10,74
1280,4,42,10,74
1210,4,42,9,53
990,3.8,39,10,76
1250,3.4,35,9,55
1240,4,42,9,58
1310,3.8,39,9,74
1280,3.9,40,9,53
1120,3.7,38,10,53
1310,3.7,38,10,55
1000,3.9,40,9,56
1420,3.8,39,9,59
950,3.8,39,9,74
1060,3.7,38,9,73
1240,3.3,34,10,59
1170,4,42,10,74
1110,3.9,40,9,59
1100,3.5,36,10,53
810,3.1,32,9,76
920,3.4,35,10,57
1280,3.5,36,10,53
1330,4,42,9,59
1210,2.8,29,10,59
1070,3.7,38,10,52
1350,3.9,40,10,56
1200,4,42,10,74
1320,4,42,9,74
1140,3.3,34,10,53
1250,3.8,39,9,59
1100,3.6,37,10,53
1240,3.1,32,9,74
1530,3.8,39,10,68
1490,3.7,38,9,59
1380,3.8,39,10,53
920,3.5,36,10,56
1320,3.3,34,10,59
1560,3.8,39,9,54
1100,4,42,9,55
1240,4,42,10,69
1140,3.9,40,10,59
1240,4,42,10,69
1210,3.5,36,10,52
1460,4,42,9,53
790,2.4,25,10,53
930,2.9,30,10,53
1430,3.8,39,10,63
1050,3.8,39,9,60
1350,3.8,39,9,70
1300,4,42,10,53
1350,4,42,9,52
1270,3.8,39,9,60
1460,4,42,10,70
1310,3.6,37,9,59
1380,4,42,10,59
1240,3.7,38,10,59
1040,4,42,9,61
940,3.9,40,9,65
1380,3,31,10,74
1350,3,31,10,74
1380,3.8,39,10,53
1180,4,42,10,74
1310,3.8,39,10,76
1350,4,42,9,59
920,4,42,10,70
1360,3.9,40,10,52
1460,3.8,39,9,54
1520,4,42,10,59
840,4,42,10,56
960,3.5,36,10,53
1130,3.5,36,9,74
900,3.7,38,9,74
1240,3.8,39,9,74
850,4,42,9,51
940,3.7,38,10,66
1490,3.6,37,9,59
1210,3.3,34,10,59
1360,3.7,38,10,59
1240,4,42,10,51
1310,4,42,9,52
1090,3.7,38,9,52
1030,3.8,39,9,61
1220,3.8,39,10,76
1440,3.7,38,9,53
1540,3.8,39,9,59
1420,3.9,40,9,59
1060,3.3,34,9,53
1260,3.7,38,10,56
1110,3.8,39,9,53
1290,3.8,39,10,74
1160,3.7,38,9,52
1170,4,42,9,64
1570,3.7,38,9,59
1380,4,42,9,52
1240,4,42,9,74
1460,3.1,32,10,52
1260,4,42,10,52
1350,3.8,39,9,53
1170,3,31,10,69
1530,3.9,40,10,59
1130,3.1,32,10,57
1280,2.9,30,10,58
1380,3.9,40,9,74
1490,3.9,40,10,59
1090,3.3,34,10,53
1050,3.2,33,10,70
1240,4,42,10,74
1210,3.5,36,9,59
1240,3.2,33,9,74
950,2.5,26,9,56
1270,3.7,38,10,59
1310,3.6,37,10,59
1310,4,42,10,59
1120,3.9,40,9,59
1140,3.8,39,9,74
1280,3.5,36,9,59
1380,3.8,39,9,59
1460,4,42,9,70
1050,3.2,33,10,59
1310,3.8,39,9,55
1060,3.5,36,9,69
1280,3.5,36,10,53
1170,3.7,38,10,74
920,2.8,29,9,59
1350,4,42,9,53
1240,3.1,32,9,65
1420,4,42,9,59
1050,3.7,38,10,58
1270,3.7,38,10,74
1450,4,42,10,59
1160,3.8,39,9,59
1210,3.3,34,10,58
1070,4,42,9,59
1390,3.6,37,10,62
1350,3.4,35,10,52
1090,3.7,38,9,52
1250,3.1,32,9,68
1270,3.2,33,10,54
1130,3.4,35,9,56
1270,3.4,35,10,59
1440,3.8,39,9,60
1240,3.7,38,9,73
1130,3.9,40,10,58
1220,3.6,37,10,74
1020,3.8,39,10,58
1160,3.9,40,9,59
1240,3.5,36,10,73
1000,4,42,9,58
1220,3.5,36,10,59
1470,3.9,40,10,69
1240,3.6,37,10,62
1280,3,31,10,76
1460,3.7,38,10,59
1210,3.2,33,9,59
1580,4,42,9,71
1350,4,42,9,69
1130,3.8,39,9,61
1220,3.6,37,10,53
1410,4,42,9,70
1330,3.6,37,10,74
950,3.6,37,9,58
1480,3.9,40,10,53
1130,4,42,9,74
1290,3.9,40,9,59
1350,4,42,10,70
990,3.8,39,10,53
1210,3.2,33,10,74
1350,3.5,36,10,59
1220,3.8,39,9,59
1350,3.8,39,9,74
1110,3.8,39,10,56
1440,3.7,38,10,53
1400,4,42,10,59
1030,3.9,40,9,62
1240,3.9,40,10,55
1400,3.6,37,9,53
1030,3.8,39,10,58
1370,3.2,33,9,55
1210,3.2,33,9,53
1460,3.8,39,10,52
1230,3.7,38,9,59
1210,3.9,40,9,70
1040,3.3,34,10,69
1310,4,42,9,52
1420,4,42,9,72
880,3.6,37,9,53
1130,3.6,37,10,56
1340,4,42,10,58
900,3.7,38,10,74
1100,3.7,38,9,59
1460,3.7,38,10,56
1280,3.5,36,10,68
1240,3.7,38,10,63
1290,3.7,38,10,53
1310,3.5,36,9,69
1310,3.8,39,9,53
1080,3.5,36,10,52
1120,3.4,35,10,55
1210,3,31,9,52
1490,3.7,38,10,59
1280,3.3,34,10,53
1350,3.2,33,10,70
1200,4,42,10,74
1010,3.8,39,9,52
1050,3.6,37,10,70
1230,3.6,37,10,64
1440,3.4,35,10,74
1190,3.4,35,9,59
1100,3.8,39,9,60
1080,2.7,28,10,55
940,3.3,34,10,74
1200,3.8,39,10,59
1240,3.5,36,9,59
1200,3.1,32,10,74
1460,4,42,9,69
1510,4,42,10,59
1310,4,42,9,53
1100,3.7,38,10,63
1060,3.1,32,10,52
1530,3.7,38,9,57
1090,3.7,38,9,59
1150,3.8,39,9,59
850,2.7,28,9,53
1030,2.5,26,10,53
1000,3.6,37,9,70
1280,4,42,10,51
1010,3.3,34,10,62
1190,3.6,37,9,74
1170,3.5,36,10,59
1450,3.7,38,10,56
990,3,31,10,62
1030,3.9,40,9,56
1530,4,42,9,66
1360,4,42,10,53
1290,4,42,10,51
1490,3.8,39,10,52
1320,3.4,35,9,54
1070,3.5,36,10,59
1490,3.4,35,10,59
1420,4,42,10,52
1340,3.9,40,9,51
1060,2.6,27,10,58
1490,4,42,10,59
1290,3.9,40,9,59
1580,4,42,9,74
1350,3.7,38,10,74
1130,2,21,9,59
1490,3.9,40,9,59
1130,4,42,10,74
1230,4,42,9,52
1460,3.7,38,10,69
1130,3.1,32,10,70
1110,3.8,39,10,64
1380,4,42,9,70
920,3.7,38,9,59
1530,4,42,10,59
1240,3.7,38,10,53
1460,4,42,9,54
1350,3.9,40,9,52
1110,3.8,39,10,52
1280,3.7,38,10,59
1430,3.8,39,9,52
1060,3.9,40,9,55
1560,4,42,9,59
1130,3.4,35,9,62
990,3.2,33,10,76
990,3.8,39,10,74
880,3,31,9,74
1300,3.9,40,10,59
1170,3.8,39,10,53
1180,3.8,39,9,53
1490,4,42,10,59
1380,3.9,40,10,59
1280,3.1,32,9,55
1100,4,42,9,69
1490,3.7,38,10,74
1100,4,42,9,59
1070,3.7,38,9,61
1530,3.8,39,10,59
1130,2.4,25,9,52
1490,3.9,40,10,59
1220,3.7,38,9,74
1280,3.8,39,10,53
1280,3.6,37,9,70
1230,3.2,33,9,62
990,3.5,36,10,70
1280,3.7,38,10,74
1290,4,42,9,59
1230,3,31,10,74
1060,3.9,40,9,74
1210,3.8,39,9,52
1380,3.6,37,10,59
1160,3.6,37,10,65
1110,4,42,10,59
1130,3,31,10,53
1310,3.7,38,10,59
1460,3.8,39,10,74
1420,4,42,10,52
1030,3.1,32,10,74
1420,4,42,10,59
1400,3.5,36,10,74
1280,3.9,40,10,76
1130,3.6,37,9,74
1530,4,42,10,61
1430,3.9,40,9,61
1350,3.2,33,9,53
1170,3.5,36,10,60
1150,3.9,40,10,52
1210,2.5,26,10,52
1530,4,42,10,59
1060,3.6,37,9,51
1290,3.9,40,9,59
1310,4,42,10,72
960,3.8,39,9,59
1490,3.8,39,9,59
1210,4,42,10,59
1360,3.3,34,9,56
1080,3.8,39,9,52
1100,3.9,40,10,52
1260,3.8,39,9,57
1310,3.4,35,10,56
1030,3,31,10,53
1210,4,42,9,74
1200,3.6,37,10,52
1210,4,42,10,52
1100,3.4,35,9,58
980,3.8,39,9,74
1260,3.8,39,10,53
1090,3.5,36,10,74
1560,3.6,37,9,59
880,3.5,36,9,54
1030,2.9,30,9,53
1230,2.9,30,9,69
1370,4,42,10,59
1380,3.2,33,10,53
1210,3.7,38,10,59
1380,4,42,10,74
1260,4,42,10,59
1310,4,42,10,59
1080,3.3,34,10,53
1100,3.6,37,10,57
910,3.6,37,9,62
1280,3.9,40,9,53
1290,4,42,9,56
1260,3.9,40,9,59
1290,3.9,40,10,74
1430,4,42,9,59
1250,3.8,39,10,58
1310,3.3,34,10,52
1320,3.7,38,10,59
1240,3.5,36,10,63
1280,3.8,39,9,50
980,3.7,38,9,52
1030,3.8,39,9,53
1340,4,42,10,52
1500,4,42,9,68
1400,3.8,39,10,52
1310,3.3,34,10,53
1080,4,42,9,53
890,3.6,37,9,53
1310,4,42,9,56
1030,3.7,38,9,53
1240,4,42,10,65
1180,3.9,40,10,76
1160,3,31,10,74
1400,3.8,39,9,58
1210,3.8,39,10,74
1440,3.9,40,9,56
1360,3.8,39,10,59
1140,4,42,9,53
1210,3.6,37,9,54
1450,4,42,9,68
1420,4,42,9,60
1030,2.6,27,9,56
1160,3,31,10,59
1370,3.8,39,9,59
1460,3.2,33,10,69
1100,3.8,39,10,74
1250,4,42,9,52
1240,4,42,9,59
1130,3.5,36,10,53
1310,3.5,36,9,74
1350,4,42,9,74
1460,3.9,40,10,62
940,3.4,35,9,52
1350,4,42,10,52
1310,3.9,40,9,60
1200,3.4,35,9,56
1240,3.8,39,9,52
1310,3.5,36,9,74
1390,3.7,38,9,59
1350,3.8,39,9,61
980,3.2,33,9,53
950,3.9,40,10,59
1220,3.6,37,10,52
1350,3.7,38,10,52
1160,3.7,38,9,53
1530,4,42,10,59
1210,3.3,34,10,64
1030,3.3,34,10,74
1240,3.6,37,9,61
1050,3.4,35,9,74
1240,3.7,38,9,66
1130,3.6,37,9,74
950,4,42,10,52
1210,3.5,36,10,74
1330,3.7,38,9,52
840,3.9,40,10,74
1340,3.9,40,9,52
890,3.6,37,10,56
1130,3.9,40,10,53
1130,3.5,36,10,53
1130,3.8,39,9,62
1340,3.7,38,10,59
1030,3.1,32,9,61
840,2.7,28,10,74
1280,3.9,40,10,53
1420,3.8,39,10,59
1380,3.8,39,10,53
1420,4,42,9,59
1350,4,42,10,74
1480,4,42,10,56
1220,3.4,35,9,53
1380,2.5,26,10,74
1290,3,31,10,53
910,3.9,40,10,59
1310,3.8,39,10,54
1320,3.7,38,10,70
1070,4,42,10,74
1050,2.6,27,10,53
930,4,42,9,70
1170,3.9,40,10,59
1280,3.4,35,10,55
1460,4,42,10,59
1210,3.6,37,9,74
1240,3,31,10,52
1050,3.3,34,9,52
1360,3.9,40,9,60
1240,3.6,37,9,53
1290,4,42,10,74
1170,4,42,10,66
1030,3.2,33,9,74
790,2.5,26,10,74
1490,3.5,36,10,59
1020,3.9,40,9,74
1380,4,42,10,57
920,3.3,34,9,65
950,3.7,38,10,59
1480,3.7,38,9,59
1340,3.5,36,10,74
1420,3.8,39,10,52
1140,3.5,36,10,57
1120,3.5,36,10,53
1460,4,42,10,52
1170,3.5,36,9,69
1090,4,42,9,52
1250,3.5,36,9,52
850,3.6,37,9,52
960,3,31,10,52
1310,3.5,36,9,60
1280,3.6,37,10,74
1170,4,42,10,53
1240,3.8,39,10,53
1310,3.8,39,9,53
1270,3.3,34,10,59
940,3,31,9,65
1420,3.8,39,9,59
1320,4,42,10,59
1060,3.9,40,9,58
1310,3.2,33,10,74
1210,3.3,34,9,59
1300,3.5,36,10,59
1070,3.6,37,9,52
1090,3.7,38,10,59
1100,3.2,33,9,59
1160,3.9,40,9,53
1280,3.8,39,10,74
1240,4,42,9,55
1210,2.7,28,10,74
1240,4,42,9,53
1220,3.3,34,10,66
1310,3.7,38,9,64
1260,3.7,38,10,51
1490,3.8,39,10,53
1310,3.8,39,9,51
1280,3.8,39,10,74
1310,3.7,38,10,74
920,3.1,32,10,59
810,3.6,37,9,59
1350,4,42,9,59
1420,3.8,39,10,69
1030,3.8,39,9,65
1380,4,42,9,74
1350,3.9,40,9,60
1300,3.8,39,10,52
1150,4,42,9,59
900,2.9,30,10,76
1310,3.5,36,10,56
980,3.2,33,10,58
1190,3.5,36,10,53
1100,3.7,38,9,74
1170,3.9,40,9,56
1360,4,42,10,74
1280,3.6,37,10,59
1340,3.8,39,9,70
1350,3.9,40,10,59
1030,3.4,35,9,59
1420,4,42,10,70
1310,3.2,33,10,53
900,3.2,33,10,59
1100,3.5,36,9,74
1240,3.6,37,10,56
1230,3.9,40,10,74
1300,3.8,39,10,59
1050,4,42,9,52
1020,3.3,34,10,54
1210,3.9,40,10,58
1100,3.8,39,10,53
1460,4,42,10,59
1100,3.6,37,10,52
1280,3.7,38,10,76
1360,3.8,39,9,54
1350,3.4,35,10,76
1170,2.8,29,10,74
940,3.9,40,9,52
1410,3.8,39,9,74
1310,3.5,36,9,59
1460,3.8,39,9,51
1210,3.7,38,10,52
1380,3.7,38,9,59
1060,4,42,9,55
1420,3.5,36,10,59
1130,3,31,10,59
1310,4,42,9,59
1060,4,42,10,69
1530,3.6,37,9,64
1480,3.9,40,9,53
1290,3.7,38,10,73
1200,3.6,37,9,62
1350,2.9,30,9,59
1390,3.3,34,9,54
1150,3.5,36,9,59
1560,4,42,9,68
1350,3.8,39,9,65
1490,3.7,38,10,52
1490,3.8,39,10,59
1240,3.3,34,9,64
1390,4,42,10,74
1240,3.1,32,10,53
1440,3.8,39,10,74
1070,3.8,39,10,74
990,3.1,32,10,74
1300,3.9,40,9,68
920,4,42,9,59
940,4,42,9,74
730,2.8,29,10,74
1050,3.6,37,10,74
1180,3.8,39,9,59
990,3.7,38,9,59
780,3.6,37,10,74
1070,3.8,39,10,52
1290,4,42,9,58
1070,3,31,10,53
1280,3.5,36,10,53
1160,3.7,38,10,53
1240,3.7,38,10,58
1520,4,42,9,59
1280,3.6,37,10,70
1420,3.5,36,10,59
1500,4,42,10,59
1210,3.9,40,10,74
1130,4,42,10,74
1120,3.5,36,10,66
1060,3.5,36,9,60
950,3.6,37,10,61
1100,3.7,38,9,59
1350,3.9,40,10,57
1010,4,42,9,60
1380,3.9,40,10,52
1310,3.8,39,10,62
1310,4,42,10,52
1450,3.7,38,10,59
890,3.5,36,9,65
1360,4,42,9,59
1260,3.7,38,10,52
1440,3.2,33,10,56
1310,4,42,10,60
940,3.6,37,9,55
1270,3.3,34,10,62
1110,3,31,10,53
1070,3.6,37,10,51
980,3.3,34,10,57
1350,4,42,10,61
1190,3.6,37,9,76
1380,4,42,9,59
1100,3.6,37,10,51
1190,3.6,37,9,59
1530,4,42,10,59
1350,3.3,34,10,61
1330,3.7,38,10,59
1360,3.6,37,10,60
1400,3.4,35,10,59
1420,3.4,35,9,75
1170,4,42,10,76
1200,3.8,39,9,56
1270,3.8,39,9,51
1000,4,42,10,65
1340,3.8,39,10,59
920,3,31,10,66
1210,3.5,36,10,52
1240,4,42,9,53
1280,3.8,39,9,59
1050,3.6,37,10,55
1270,4,42,10,59
1350,3.5,36,10,62
1330,3.7,38,9,52
1310,4,42,9,52
1060,3.5,36,9,70
1230,3.9,40,9,58
1350,3.9,40,10,74
1240,4,42,10,57
1280,4,42,10,70
1490,3.7,38,10,59
1280,3.2,33,10,56
1290,3.5,36,9,52
1050,3.8,39,9,53
1130,3.9,40,10,52
1320,3.4,35,10,56
1240,3.6,37,9,70
790,2.8,29,10,56
1280,3.2,33,9,57
1100,3.9,40,9,52
1220,3.6,37,10,52
1130,3.6,37,9,65
1170,3.3,34,9,65
1310,4,42,10,65
950,3.5,36,9,52
1200,3.9,40,10,52
1020,4,42,9,55
1330,3.8,39,9,55
1190,3.9,40,9,59
750,2.9,30,9,74
1030,2.9,30,10,58
990,3.5,36,9,53
910,2.9,30,10,74
1490,3.3,34,10,59
1240,3.5,36,10,52
1050,3.6,37,9,76
1300,3.4,35,10,70
1310,2.7,28,10,55
1160,3.7,38,9,55
1190,3.7,38,9,52
1210,3.8,39,10,58
1260,3.7,38,9,53
1100,3.6,37,10,76
1100,3.7,38,9,53
1170,3.6,37,10,53
1090,3.1,32,9,53
1230,3.6,37,10,56
1150,3.6,37,10,68
1340,3.6,37,9,66
1220,4,42,9,55
1010,3.1,32,10,55
840,2.9,30,9,74
1140,3.5,36,10,52
1350,3.9,40,9,56
1440,3.5,36,9,56
1280,3.5,36,10,53
1020,3.6,37,9,52
1100,3.2,33,10,59
1120,3.7,38,10,59
1190,3.9,40,10,53
1060,3.1,32,9,60
1190,3.5,36,9,56
1350,4,42,10,59
1150,3.5,36,10,51
1350,3.7,38,9,59
1530,4,42,10,52
1530,4,42,9,59
1170,4,42,9,52
1180,3.6,37,9,59
1530,3.6,37,10,59
1170,3.8,39,9,74
1170,3.5,36,10,51
880,2.8,29,10,65
1130,4,42,9,54
1210,4,42,10,50
1100,3.2,33,10,53
1060,3.1,32,10,52
1150,3.9,40,9,54
1220,3,31,9,59
1310,3.8,39,10,61
1460,3.8,39,9,52
1450,4,42,10,59
1190,3.3,34,10,53
1210,3.7,38,10,53
1230,3.6,37,9,52
1230,3.5,36,10,74
1140,2.6,27,10,55
1310,3.5,36,9,74
1240,3.6,37,9,53
1380,3.8,39,10,59
960,4,42,9,52
1130,3.6,37,10,59
1230,3.1,32,9,51
1040,3.5,36,9,76
1420,3.9,40,10,61
1280,4,42,10,52
1460,4,42,9,56
1000,4,42,9,52
1240,3.7,38,9,52
1060,3.5,36,9,52
1380,4,42,9,74
1460,3.8,39,10,59
1420,3.9,40,9,59
1320,3.9,40,10,59
1130,3.6,37,10,52
1260,3.8,39,10,59
1350,3.8,39,10,74
1170,3.7,38,9,54
1220,4,42,10,67
1100,3.8,39,9,56
1210,3,31,10,53
1210,3.6,37,9,52
1170,4,42,10,54
1430,3.8,39,10,59
1240,3.9,40,10,76
1410,3.5,36,9,68
1080,3.8,39,9,52
1010,3.6,37,9,74
1370,3.9,40,10,74
1120,3.8,39,9,53
1170,4,42,10,59
1270,3.6,37,10,59
940,3.4,35,10,76
1370,3.7,38,10,59
950,2.9,30,9,59
1270,4,42,9,59
1280,3.6,37,10,73
1300,4,42,9,54
1240,3.3,34,9,59
1170,3.1,32,9,57
1390,3.5,36,9,59
1240,3.5,36,9,59
1380,3.8,39,10,61
940,3.6,37,9,76
1270,3.5,36,9,53
1150,3.9,40,10,59
1340,4,42,10,62
1250,3.6,37,10,62
830,3.8,39,9,76
1150,3.8,39,9,69
1150,4,42,9,74
1390,3.6,37,9,59
1240,3,31,9,53
1460,4,42,10,59
1560,4,42,9,59
910,3.7,38,9,74
1320,3.6,37,10,61
1350,3.9,40,9,59
1450,3.9,40,10,56
1350,3.6,37,10,59
1240,3.7,38,9,59
920,3.3,34,9,53
1040,3.9,40,9,70
1350,3.8,39,9,55
1170,3.8,39,10,52
1090,4,42,9,57
1280,3.3,34,9,65
1030,3,31,9,52
1170,3.4,35,9,53
1100,3.5,36,9,55
1170,4,42,9,59
1240,3.8,39,9,55
970,4,42,10,59
1300,4,42,10,59
1210,3.5,36,10,55
1280,3.6,37,9,70
1280,3.5,36,9,59
1030,2,21,10,74
1390,3.5,36,9,52
920,3.8,39,9,69
940,3.3,34,9,65
1380,3.9,40,10,59
1210,3.7,38,9,59
1240,4,42,10,59
1390,4,42,10,59
1200,4,42,9,69
1280,4,42,9,52
1100,3.4,35,10,55
1310,3.6,37,10,52
1340,3.9,40,10,59
1240,3.5,36,10,74
1350,4,42,10,52
1420,4,42,10,59
1210,4,42,10,59
1310,3.9,40,10,59
1240,2.9,30,9,59
1080,3.9,40,10,53
1420,3.8,39,9,53
1320,3.6,37,9,59
1100,3.3,34,10,53
1100,3,31,10,53
1280,3.7,38,10,58
1420,3.4,35,10,53
1380,4,42,9,52
1560,4,42,9,59
1180,3.8,39,10,53
1180,3.9,40,10,51
1210,3.9,40,10,62
1170,3.7,38,10,59
1200,3,31,10,53
1200,3.9,40,9,52
1070,3.5,36,9,61
1290,3.9,40,9,64
1280,2.5,26,10,74
1380,4,42,9,74
1460,4,42,10,59
1460,3.6,37,10,57
1100,3.4,35,9,74
1030,4,42,10,65
1240,3.5,36,9,53
1420,3.4,35,10,74
1130,3.1,32,10,76
1320,3.8,39,10,74
1020,2.1,22,10,74
1380,3.4,35,10,73
1360,3.7,38,10,74
1130,3.4,35,10,74
1380,3,31,9,69
1140,4,42,10,58
1130,3.3,34,9,56
1400,4,42,9,59
1350,3.7,38,10,60
990,3.3,34,9,75
1420,3.5,36,9,52
1220,3.9,40,9,74
1370,3.7,38,10,75
1150,3.6,37,10,59
970,3.8,39,10,59
1280,3.8,39,10,76
1070,3.6,37,9,76
1380,4,42,10,74
1100,3.5,36,9,54
1280,3.8,39,10,59
1210,3.4,35,9,52
1400,4,42,10,52
880,3.8,39,9,52
1210,3.7,38,9,55
1350,4,42,10,59
1390,3.8,39,9,74
1360,3.9,40,9,52
1310,3.5,36,9,61
730,2.7,28,9,76
1170,3.7,38,10,53
1150,3.9,40,9,57
1280,3.8,39,10,52
1210,4,42,9,52
1490,3.5,36,10,59
1420,4,42,9,68
1190,3.4,35,9,52
910,3.9,40,10,59
970,3.6,37,10,76
1480,4,42,10,54
1070,2.9,30,10,74
1250,3.9,40,10,52
1350,4,42,10,53
1310,3.9,40,9,56
1020,3.8,39,9,55
1420,4,42,10,58
1270,3.4,35,10,74
1130,3.8,39,9,59
1200,3.5,36,9,59
1130,3.6,37,9,70
1350,3.8,39,10,59
1450,3.8,39,9,59
1280,3.6,37,10,59
1300,3.6,37,9,59
1300,3.7,38,9,53
1160,3.6,37,9,59
1420,4,42,9,59
1190,3.1,32,9,64
1250,3.6,37,10,59
1320,4,42,9,59
1190,3.9,40,10,59
1490,4,42,10,59
1160,3.9,40,9,58
1230,3.7,38,9,53
1230,3.6,37,10,53
1100,3.7,38,9,55
1320,3.5,36,9,52
1170,3.9,40,10,59
1190,3.9,40,10,59
1330,3.1,32,9,59
1200,3.8,39,10,50
1420,3.7,38,10,61
1300,3.3,34,9,65
1200,3.9,40,9,53
1220,3.5,36,9,58
1100,3.5,36,9,59
1170,3.8,39,10,74
920,3.2,33,9,59
1260,4,42,9,53
1060,3.2,33,9,59
1230,3.4,35,10,59
1530,4,42,10,55
1140,4,42,9,58
950,2.9,30,9,70
1030,4,42,9,59
1050,4,42,9,52
1150,3.2,33,9,59
1340,4,42,9,65
1500,4,42,9,59
1250,3.6,37,9,55
1050,3.9,40,9,74
940,2.6,27,10,74
1250,3.9,40,10,58
1030,3.7,38,10,72
1460,4,42,10,60
1100,4,42,9,74
1350,3.7,38,10,63
1030,3.2,33,9,65
950,3.4,35,9,74
1420,4,42,10,70
1530,4,42,10,59
970,3.4,35,9,53
1100,4,42,9,59
1460,4,42,10,59
1100,3.8,39,9,55
1390,4,42,10,59
1360,3.8,39,9,59
1250,3.5,36,9,59
990,2.7,28,9,58
1130,3.2,33,10,57
1330,3.9,40,10,76
950,3.4,35,10,74
1380,2.7,28,9,59
1590,3.9,40,10,60
1260,3.7,38,9,52
1100,3.3,34,9,59
1100,3.4,35,10,76
1420,3.9,40,10,56
1240,3.8,39,9,51
1280,3,31,10,74
900,3.3,34,9,52
1170,3.4,35,9,54
1310,3.7,38,10,59
1350,3.7,38,10,62
1260,4,42,10,58
920,2,21,10,60
1380,3.9,40,9,59
1390,3.1,32,9,52
1290,4,42,10,76
1280,3.9,40,9,59
1380,4,42,10,59
1230,3.8,39,9,74
1330,3.6,37,9,52
1420,2.9,30,9,52
1320,3.6,37,9,60
940,3.3,34,10,59
1030,3.5,36,10,74
1140,4,42,10,53
1170,3.9,40,9,59
1260,4,42,9,52
1200,3.5,36,10,74
990,4,42,9,74
960,3.5,36,10,70
1320,4,42,10,54
1310,3.9,40,10,64
1030,3.6,37,10,74
1270,3.7,38,9,52
1310,3.6,37,9,52
1260,3.4,35,9,59
1100,3.8,39,9,58
1310,4,42,10,59
1280,3.5,36,9,53
1170,3.4,35,9,52
1460,3.6,37,9,56
1160,3.6,37,10,56
1130,3.8,39,9,58
1350,3.9,40,10,52
1350,3.7,38,10,50
910,3,31,10,76
1330,3.6,37,9,52
1150,3.6,37,9,52
1240,3.8,39,9,59
1170,4,42,10,59
1100,3.7,38,10,76
1040,2.7,28,10,74
1240,4,42,10,59
1120,3.8,39,10,74
1130,2.2,23,10,53
1270,4,42,10,59
1070,2.8,29,10,52
1380,3.1,32,10,55
1240,3.6,37,9,74
1160,3.7,38,9,74
1250,3,31,10,60
1290,4,42,9,59
1350,4,42,9,59
1360,4,42,10,52
1240,3.7,38,10,74
1130,3.5,36,9,59
1290,3.5,36,9,56
1100,3.6,37,9,62
1530,3.8,39,9,68
1380,3.9,40,10,53
1360,4,42,10,59
1110,4,42,9,74
1110,3.2,33,10,52
1120,3.8,39,10,59
1130,3.4,35,10,55
1170,3.9,40,9,56
1080,3.3,34,10,53
1130,3.8,39,9,74
1230,3.8,39,10,57
1280,3.5,36,9,59
1190,3.8,39,9,59
1210,3.7,38,10,74
1400,4,42,9,59
1130,3.8,39,9,74
930,2.8,29,10,53
1370,3.7,38,10,53
1220,3.8,39,9,59
1240,3.6,37,10,59
1060,4,42,9,74
1160,4,42,9,51
970,4,42,9,55
1210,3.4,35,9,68
1560,3.9,40,9,56
1250,3.6,37,9,53
1170,3.5,36,10,74
1320,3.3,34,9,56
1240,3,31,10,63
1100,3.6,37,9,58
1170,4,42,9,58
1460,4,42,9,52
1350,3.7,38,9,59
1130,3.7,38,9,59
1420,4,42,9,53
920,3.5,36,10,56
1260,3.5,36,10,62
1310,3.5,36,10,59
820,2.8,29,10,55
1130,3.4,35,10,53
1290,3.5,36,10,59
1350,3.5,36,10,59
1140,3.5,36,10,56
1240,3.7,38,10,68
1110,3.7,38,10,74
1250,3.9,40,10,66
980,3.3,34,9,53
930,2.7,28,10,53
1280,3.7,38,9,59
1350,3.8,39,9,59
1170,4,42,10,70
1450,4,42,10,53
860,3.8,39,9,61
1340,3.9,40,9,59
1380,4,42,9,59
1110,3.3,34,10,53
1420,3.9,40,9,63
1180,2.8,29,10,56
970,4,42,9,74
1060,3.6,37,9,56
970,3.7,38,10,52
1510,4,42,10,74
1280,3.8,39,10,59
1200,3.6,37,9,52
1330,4,42,9,59
960,3.6,37,10,59
1210,3.7,38,9,59
1100,4,42,10,74
1130,3.4,35,10,58
1290,3.9,40,9,74
1080,3.7,38,9,55
1310,3.7,38,9,56
1350,3.9,40,10,59
1240,3.9,40,10,52
910,4,42,10,74
1130,3.9,40,10,61
1520,4,42,9,66
1260,3.3,34,9,53
1240,3.8,39,9,59
1170,3.8,39,10,53
1400,3.8,39,10,52
1350,3.5,36,9,57
1380,4,42,9,51
1260,3.9,40,9,70
1360,3.9,40,10,69
1350,3,31,10,59
1310,3.6,37,10,70
1030,4,42,9,53
1360,3.8,39,9,59
1070,3.8,39,9,59
1140,2.7,28,10,56
1030,3.5,36,9,65
1110,3.8,39,9,65
1060,3.8,39,10,74
1180,3.8,39,10,53
1290,3,31,10,59
1520,4,42,9,68
1070,3.9,40,10,74
970,4,42,9,74
1440,4,42,10,52
1240,3.9,40,9,59
1010,3.8,39,9,59
1170,4,42,9,52
1060,3.5,36,10,64
1360,4,42,10,59
1340,3.9,40,9,59
1240,3.3,34,9,74
1340,3.3,34,10,54
850,3.7,38,10,57
1330,3.8,39,9,59
1410,3.8,39,10,59
1110,3.2,33,10,70
1380,4,42,10,54
980,4,42,9,53
1490,3.5,36,10,62
1330,3.9,40,10,53
1240,4,42,10,74
1100,3,31,9,56
1320,3.8,39,9,53
1490,3.7,38,10,56
1260,3.6,37,9,60
1060,3.6,37,10,52
1310,3.6,37,10,69
1210,3.5,36,10,53
1280,3.8,39,10,59
1530,4,42,9,74
1420,3.8,39,9,68
1220,4,42,9,52
1050,3.1,32,10,70
1160,3.8,39,9,57
1490,3.8,39,9,59
1240,3.9,40,10,59
1030,3.6,37,10,61
1460,3.9,40,10,59
1370,3.6,37,10,59
1210,3.3,34,9,56
1280,3.5,36,10,52
1280,3.4,35,10,70
1240,3,31,10,59
1180,3.5,36,9,53
1350,4,42,9,74
880,3.2,33,10,58
1130,3.6,37,10,65
1310,3.6,37,10,53
1310,3.4,35,9,56
1050,3.4,35,10,52
1330,3.8,39,9,74
1030,3.7,38,9,65
1030,3.5,36,9,74
1480,3.8,39,10,52
880,4,42,10,52
1260,3.8,39,10,76
1030,3.4,35,9,56
840,3.4,35,9,59
990,3.4,35,10,56
1460,3.9,40,9,56
1160,3.6,37,10,53
1460,4,42,10,59
1100,3.5,36,10,53
1380,3.7,38,10,59
1420,3.6,37,9,59
920,3.7,38,9,74
1170,3.7,38,10,75
1460,4,42,9,52
1350,4,42,10,61
1150,3.5,36,10,52
1210,3.3,34,9,56
1150,3.9,40,9,61
880,3.8,39,9,74
920,3.3,34,10,57
1460,3.7,38,10,69
1280,4,42,9,53
940,4,42,10,55
1170,4,42,10,52
1140,3.9,40,10,59
1210,4,42,10,56
1140,3.5,36,10,52
1350,3.9,40,10,74
1170,4,42,9,52
1300,4,42,10,61
1210,3.8,39,10,59
1060,3.8,39,10,53
1140,4,42,9,63
1140,3.4,35,9,74
1350,3.8,39,10,70
1160,3.8,39,10,59
1350,3.4,35,10,51
1230,3.6,37,10,62
1010,3.1,32,10,74
1420,3.6,37,10,62
1350,3.7,38,10,65
1380,2.8,29,9,74
1310,3.9,40,10,51
1530,4,42,10,59
1190,3.7,38,10,59
1250,3.7,38,10,59
1420,3.9,40,10,59
1130,4,42,9,74
1240,3.2,33,9,53
1060,4,42,9,74
1250,3.5,36,10,53
1170,3.6,37,9,58
1390,3.9,40,9,60
1130,4,42,10,59
1260,3.8,39,10,59
1240,4,42,9,59
1130,3.9,40,10,53
1460,4,42,10,59
950,3.5,36,10,65
1240,3.6,37,10,62
1380,4,42,10,54
1140,4,42,10,69
1560,4,42,9,54
1340,3,31,10,59
1380,3.8,39,10,59
1420,3.9,40,9,55
1380,4,42,10,54
1000,3,31,10,53
980,2.7,28,9,65
1170,3.7,38,10,56
1440,3.5,36,10,63
1250,3.5,36,9,52
1260,3.7,38,9,59
1460,3.8,39,9,58
950,3.2,33,10,74
1130,3.6,37,10,74
1110,3,31,10,74
1100,3.6,37,10,74
1410,3.6,37,9,70
1100,3.6,37,10,58
1320,3.8,39,9,58
990,3.2,33,9,59
1150,3.2,33,9,53
1010,3.6,37,9,52
1020,3,31,9,74
1050,3,31,10,52
1130,3.9,40,9,61
1130,3.7,38,10,61
1280,4,42,9,53
1380,4,42,10,59
1420,3.7,38,9,59
1380,3.9,40,9,54
1210,4,42,10,53
1450,3.9,40,9,65
1310,3.8,39,9,58
990,3.8,39,9,74
1270,3.6,37,9,59
1230,3.7,38,9,53
920,2.8,29,9,53
1050,4,42,9,52
1380,4,42,10,59
1170,3.7,38,9,74
1270,3.7,38,10,59
1420,3.8,39,9,55
810,2.9,30,10,57
1170,2.9,30,9,74
1530,4,42,9,66
1300,3.5,36,10,76
1340,4,42,10,59
1350,4,42,9,59
950,3,31,10,76
1010,3,31,9,74
1220,4,42,9,53
830,3.1,32,10,52
1490,4,42,9,59
1210,4,42,10,62
1150,3.7,38,9,58
1370,3.5,36,10,63
1460,4,42,9,65
1420,3.7,38,10,70
1220,3.8,39,10,59
1450,3.9,40,10,52
1060,3.9,40,9,65
990,3.6,37,9,61
1100,2.9,30,9,53
1230,3.4,35,10,63
1040,2.9,30,10,55
1310,4,42,10,52
1240,3.5,36,10,58
1380,4,42,10,52
1470,4,42,9,69
1240,3.7,38,10,74
1300,3.7,38,10,74
1490,3.1,32,9,61
1150,3.6,37,10,58
1420,3.9,40,9,55
1530,3.8,39,10,74
1150,3.9,40,9,52
1010,3.6,37,9,52
1310,4,42,10,76
1060,4,42,9,58
1240,3.5,36,9,56
1080,3.3,34,10,57
1270,4,42,9,57
1460,3.9,40,10,59
1160,3.7,38,10,74
1210,3.7,38,10,52
1280,3.7,38,10,58
1280,3.8,39,10,52
1250,3.5,36,10,74
1350,3.6,37,10,57
1070,3.5,36,9,59
1370,4,42,9,59
1280,4,42,9,57
1010,3,31,9,56
1240,4,42,10,59
1310,3.4,35,10,52
850,2.9,30,10,59
1130,4,42,9,52
1170,4,42,10,63
1420,3.8,39,9,59
1320,3.7,38,10,53
1390,3.5,36,10,74
1460,3.8,39,10,62
1400,4,42,10,59
1070,3.2,33,10,70
1360,3.5,36,10,52
1100,4,42,9,64
1030,3.7,38,9,62
1170,3.8,39,10,59
1460,3.9,40,10,59
1420,3.5,36,10,57
1280,3.8,39,10,61
1240,3.8,39,10,52
1210,3.6,37,10,58
1460,3.9,40,9,70
990,3.9,40,9,59
1240,3.5,36,10,53
720,2,21,10,74
1110,3.6,37,9,74
810,2.9,30,9,74
1280,3.9,40,10,52
930,3.8,39,9,53
1310,3.3,34,9,56
1380,3.4,35,10,59
1190,3.7,38,10,69
1280,3.1,32,10,53
1460,4,42,9,54
1130,3.5,36,10,59
950,2.8,29,9,53
990,3.6,37,10,70
1500,3.9,40,9,52
1170,4,42,10,70
1240,3.4,35,10,53
1210,3.8,39,9,60
1350,4,42,9,56
1210,3.5,36,10,53
1380,3.8,39,10,62
1280,3.6,37,9,74
1240,3.2,33,10,58
1240,3.8,39,9,52
1100,3.5,36,9,74
1130,3.2,33,10,63
1350,3.7,38,10,59
1230,3.8,39,10,70
1030,4,42,9,58
1530,4,42,10,59
1190,3.9,40,9,52
1210,3.5,36,10,62
1420,3.6,37,10,59
1480,4,42,10,56
1130,3.6,37,10,74
1090,3.6,37,9,53
1160,3.7,38,9,59
1100,3.7,38,9,58
1170,3.5,36,10,53
1310,3.8,39,9,52
1130,3.8,39,10,56
1210,3.4,35,10,55
1240,3.5,36,10,59
1170,3.8,39,9,58
1320,4,42,10,74
1010,3.8,39,10,74
1130,3.8,39,10,53
1460,3.6,37,9,52
1380,4,42,9,74
1120,3.4,35,10,74
1210,3.7,38,10,61
1210,3.4,35,9,59
1100,3.5,36,10,52
1380,4,42,10,59
1160,3.8,39,9,74
1310,3.3,34,9,52
1420,3.9,40,10,59
1170,3.6,37,9,74
1060,3.9,40,10,53
900,2.7,28,9,74
1480,3.7,38,10,59
1280,2.8,29,10,53
1360,4,42,10,59
1210,4,42,10,70
1280,4,42,9,53
980,4,42,9,53
1140,2.9,30,10,59
1290,3.9,40,9,57
850,3.2,33,10,76
1420,3.8,39,9,52
1430,3.7,38,10,70
1210,3.8,39,10,59
920,3.5,36,9,74
1310,3.8,39,9,74
1230,3.9,40,10,74
1600,3.6,37,10,74
1120,4,42,9,62
1170,3.9,40,9,69
1200,3.7,38,10,59
1040,3.8,39,9,56
940,3.5,36,10,53
940,3.5,36,10,51
1380,3.8,39,10,59
1170,3.7,38,9,74
1240,3.3,34,10,59
1080,3.2,33,9,58
1280,3.5,36,10,52
1130,3.3,34,10,69
930,3.3,34,9,70
1060,3.6,37,9,56
1180,4,42,10,56
1530,4,42,9,66
1160,2.5,26,10,70
1350,3.5,36,10,59
1260,3.7,38,9,53
990,3.9,40,9,52
1040,3.5,36,9,53
1280,3.9,40,10,70
1150,3.7,38,10,53
1340,3.8,39,9,74
1460,4,42,10,59
1240,3.4,35,10,52
1260,3.3,34,10,62
1150,3.2,33,10,74
1370,3.3,34,10,53
890,3.8,39,9,52
1120,3.5,36,10,76
1210,3.5,36,9,52
1380,3.9,40,10,52
950,3.8,39,10,73
920,3.9,40,9,53
1310,3.6,37,10,59
1320,3.3,34,10,53
1370,3.8,39,9,52
1220,3.5,36,9,58
1010,3.5,36,9,69
990,3.4,35,9,59
1280,4,42,9,56
1280,3.8,39,10,59
1280,3.3,34,9,51
1530,3.9,40,10,59
1310,3.7,38,10,52
840,3,31,9,59
1020,2.8,29,9,74
1330,4,42,9,59
1150,3.7,38,9,53
1280,3.7,38,9,52
1370,3.6,37,9,53
1310,3.9,40,10,59
1350,4,42,10,60
1290,4,42,10,70
1030,3.4,35,9,50
1170,3.2,33,10,76
1240,4,42,10,51
1540,3.6,37,10,56
990,4,42,9,70
1310,3.8,39,9,76
1500,4,42,10,59
1050,3.2,33,9,65
1420,4,42,10,56
1170,3.2,33,10,53
1030,3.4,35,10,52
1330,3.2,33,9,69
1380,3.9,40,10,59
1450,4,42,10,59
1150,3.8,39,9,52
1340,4,42,9,60
1170,3.5,36,9,72
1030,4,42,10,55
1490,3.6,37,10,52
1080,3.8,39,9,61
1230,4,42,9,59
1040,4,42,9,74
1170,3.6,37,10,50
1130,3.8,39,9,53
1250,4,42,10,52
1460,3.8,39,9,59
1400,3.3,34,10,53
910,3.5,36,9,53
1220,3.5,36,10,53
1310,4,42,9,52
1130,3.6,37,9,60
1210,4,42,10,59
1000,3.6,37,10,70
1210,3.6,37,9,53
1320,3.8,39,10,59
1020,3.4,35,9,53
1440,3.9,40,10,67
1340,3.8,39,10,59
1120,3.6,37,10,65
1240,3.7,38,10,65
1130,3.6,37,9,57
1100,3.8,39,10,59
1030,4,42,9,62
1310,3.5,36,10,53
1170,3.8,39,9,65
1130,3.5,36,10,74
1240,3.6,37,9,70
1380,3.9,40,9,54
1280,3.7,38,10,59
1480,4,42,9,74
1460,3.4,35,10,59
1310,4,42,10,76
1100,3.3,34,9,74
920,3.6,37,9,53
1020,3.4,35,9,59
1130,3.8,39,9,53
970,3.2,33,9,52
1300,3.5,36,10,52
1280,4,42,9,55
870,3.5,36,9,59
1380,3.9,40,9,69
1300,4,42,10,74
1040,3.8,39,10,58
1260,3.9,40,10,61
1060,4,42,10,74
1280,3.8,39,10,63
1380,3.1,32,9,66
1120,3.8,39,10,59
1530,3,31,10,53
1530,3.8,39,9,59
1280,3.8,39,9,52
1350,4,42,10,59
1140,3.7,38,10,69
1490,3.9,40,9,56
1170,3.8,39,10,59
1310,3.8,39,10,52
720,3,31,10,74
1350,3.8,39,10,52
1280,3.3,34,9,74
1040,3.9,40,10,74
1350,3.5,36,10,51
1420,3.9,40,10,74
1210,3.5,36,10,53
1380,3.6,37,10,62
1130,2.3,24,9,74
1420,3.7,38,10,59
1100,3.9,40,9,56
1440,4,42,10,52
1300,3.5,36,10,53
1400,4,42,10,52
1320,4,42,10,59
1130,2.8,29,10,59
1320,3.7,38,10,59
930,3,31,10,53
1190,3.6,37,9,74
1060,3.6,37,9,52
1060,3.9,40,9,70
1100,3.3,34,9,58
1420,3.9,40,10,62
1210,3.2,33,10,58
1420,4,42,9,56
1250,3.9,40,10,59
1030,3.5,36,9,53
860,3.5,36,10,51
1480,4,42,10,59
990,3.6,37,9,51
1060,3,31,9,74
1420,3.9,40,9,59
1150,3.9,40,9,61
1140,3.1,32,10,53
1420,3.8,39,10,52
970,3.7,38,10,53
1490,4,42,9,59
1340,3.8,39,9,59
1220,3.6,37,10,53
1280,3.8,39,9,52
1490,4,42,10,59
1130,3.5,36,10,65
1310,3.3,34,10,57
1130,3.5,36,9,56
1420,3.8,39,10,59
1380,4,42,10,76
1310,3.4,35,10,57
1530,4,42,10,59
910,3.8,39,9,57
1310,4,42,9,60
1240,3.9,40,10,59
1310,3.5,36,10,52
1420,3.7,38,10,59
1530,3.9,40,9,56
1030,3.8,39,10,61
1310,4,42,10,56
1030,3.4,35,10,59
1240,3.3,34,10,59
1310,3.7,38,9,56
1310,3.9,40,10,52
1070,3.9,40,9,56
1060,3.8,39,10,67
1420,3.5,36,10,56
1420,3.8,39,9,59
1230,3.9,40,9,59
1060,3.9,40,9,56
1420,4,42,10,59
1130,3,31,9,74
1170,3.9,40,9,75
1240,3.7,38,9,74
1380,3.8,39,10,52
1130,3.8,39,10,70
1250,3.8,39,9,59
1570,3.7,38,10,59
1420,4,42,9,53
1210,3.9,40,10,76
1020,3.8,39,10,53
850,3.3,34,10,53
1210,4,42,10,59
980,2.1,22,9,74
1100,3.8,39,9,53
1380,3.8,39,9,59
1240,4,42,9,74
1130,2.8,29,9,53
1490,4,42,10,53
1250,4,42,10,68
1040,3.8,39,9,53
1210,3.8,39,10,70
1280,4,42,10,59
1120,4,42,10,59
1310,3.3,34,9,53
1540,3.4,35,9,59
1460,3.8,39,9,69
1420,3.8,39,9,52
970,4,42,9,58
1310,4,42,9,54
1420,3.6,37,9,59
1300,3.9,40,10,59
1560,4,42,9,59
1340,3.4,35,9,59
1200,4,42,9,74
1170,3.2,33,9,69
1210,3.9,40,9,52
1420,4,42,9,74
1490,4,42,9,59
1420,3.6,37,10,59
920,3.1,32,10,74
1000,3.8,39,10,74
980,4,42,10,52
1150,3.8,39,10,52
1380,4,42,9,59
1280,4,42,10,53
1210,3.9,40,10,55
1130,3.9,40,9,53
1240,3.7,38,9,53
1330,3.7,38,9,53
880,3.2,33,9,74
1480,4,42,9,59
910,2.5,26,10,56
1130,4,42,9,64
1020,3.3,34,10,56
1420,4,42,9,52
1220,3.3,34,10,61
1490,4,42,10,59
1430,4,42,10,59
940,2,21,10,52
1090,3.9,40,10,74
1220,3.9,40,10,61
1170,3.1,32,10,69
1420,4,42,10,51
1180,3,31,9,53
1340,3.8,39,10,53
1170,3.7,38,10,52
910,2.6,27,10,65
920,2.9,30,10,52
1080,2.8,29,10,74
1100,3,31,10,52
1060,3.7,38,9,73
1280,4,42,10,52
900,2.6,27,10,59
1340,4,42,10,74
1240,3.8,39,9,58
1170,3.8,39,9,59
1280,4,42,10,70
920,3.3,34,9,75
880,3.5,36,9,74
1440,4,42,10,59
1080,3.9,40,9,74
1220,2.5,26,10,56
1210,3.3,34,10,74
1040,3.9,40,10,74
1110,4,42,9,74
1060,3.3,34,9,58
1280,3,31,10,52
1260,3.8,39,10,75
1290,4,42,9,53
1150,3.8,39,10,56
1350,2.7,28,9,53
1280,3.6,37,10,59
1280,4,42,10,61
900,3.5,36,9,56
1170,3.5,36,9,74
1130,3.6,37,10,74
1060,3.3,34,10,59
1210,3.4,35,10,59
1380,3.7,38,9,59
1170,3.1,32,10,56
1200,3.8,39,10,76
990,3,31,10,74
1490,3.9,40,9,59
1150,4,42,10,59
1530,4,42,9,59
1040,3.5,36,10,53
1310,4,42,9,52
1350,3.7,38,10,70
1460,3.8,39,10,59
1330,3.5,36,10,52
990,3.7,38,10,70
1330,3.4,35,10,59
920,3.9,40,10,53
1170,3.8,39,9,69
1310,4,42,9,52
1210,3.7,38,10,53
900,3,31,10,57
1280,3,31,10,56
1430,3.9,40,10,59
1310,3.2,33,10,70
1010,4,42,10,76
1270,3.5,36,10,74
1260,3.8,39,9,59
1130,3.6,37,9,62
1270,3.8,39,9,53
1240,4,42,9,53
1380,3.8,39,9,74
1490,3.7,38,9,68
1210,3.2,33,10,61
1140,3.2,33,10,52
1270,3.8,39,9,69
1240,3.9,40,10,74
1170,3.9,40,10,76
1490,4,42,9,59
1210,4,42,10,54
1240,3.8,39,9,58
1170,3.5,36,9,55
1130,3.9,40,9,53
1110,3.6,37,9,52
1280,3.6,37,9,59
1190,3,31,10,77
1500,4,42,10,59
1280,3.8,39,9,52
1240,3.9,40,10,59
1350,4,42,10,56
1330,3.4,35,9,52
1420,3.7,38,10,53
1100,3.3,34,10,51
1210,4,42,10,52
1350,4,42,9,70
1460,4,42,10,59
1460,4,42,10,61
910,2.5,26,10,70
1110,3.4,35,10,59
1410,3.8,39,9,58
1160,3.5,36,10,62
1310,3.9,40,9,62
1420,3.9,40,9,59
820,2.8,29,9,70
920,2.5,26,9,76
1330,3.4,35,10,53
970,3.6,37,10,59
1360,3.5,36,10,53
1310,3,31,9,62
1310,4,42,10,56
1230,3.8,39,9,59
1320,3,31,10,57
1280,4,42,10,52
1530,3.9,40,9,59
1230,3.3,34,10,53
1010,2.5,26,9,76
1130,4,42,9,74
1380,3.9,40,10,59
1330,3.8,39,9,57
1210,3.8,39,10,56
1540,4,42,9,52
1340,3.7,38,10,53
1280,3.5,36,10,59
1030,4,42,10,74
1400,3.9,40,9,69
1170,3.7,38,9,52
1380,4,42,9,58
1180,3.8,39,9,74
950,3.5,36,9,58
1530,3.8,39,9,59
1420,3.8,39,9,52
1130,3.5,36,9,62
1210,3.8,39,10,74
1140,3.9,40,9,67
1150,4,42,9,52
1530,4,42,10,53
1360,3.4,35,10,69
1080,2.8,29,9,56
1350,3.8,39,10,59
1380,3.5,36,9,59
1380,4,42,9,52
1060,3.4,35,9,70
1460,4,42,9,76
1350,4,42,9,54
1030,3.4,35,9,54
1380,3.7,38,9,74
1350,3.5,36,10,59
920,3.5,36,9,76
1090,3.7,38,10,53
1370,4,42,9,65
890,2.3,24,10,76
1350,4,42,10,61
1100,4,42,9,52
1350,3.7,38,10,59
1170,3.8,39,9,53
1390,4,42,9,68
1060,2.8,29,9,74
1120,3.1,32,10,52
1280,4,42,10,74
1460,3.9,40,10,52
1310,3.7,38,10,74
1100,3.5,36,10,62
1270,4,42,10,53
860,3.2,33,9,74
1160,3.6,37,10,52
1080,3.6,37,9,56
1050,4,42,9,62
1170,3.8,39,9,74
1280,3.6,37,10,59
1240,3.5,36,10,53
1490,4,42,9,59
1560,4,42,9,61
1350,3.9,40,10,59
1440,3.8,39,9,56
1350,4,42,10,66
1100,3.6,37,9,52
1380,3.9,40,9,59
1260,3.7,38,10,74
880,3.5,36,10,52
1130,3.8,39,9,56
1130,3.7,38,10,59
1170,3,31,10,74
1010,3.3,34,9,69
1190,4,42,10,53
1310,4,42,9,59
1170,3.8,39,9,57
1310,4,42,10,59
1280,4,42,9,59
1460,3.5,36,9,56
1520,4,42,9,59
1220,3,31,10,70
1280,3.8,39,10,61
1130,3.2,33,10,58
1260,3.4,35,10,56
1030,3.8,39,10,76
1170,3.9,40,9,59
1260,2.8,29,9,53
1170,3.6,37,9,74
1420,3.7,38,10,52
1530,3.9,40,9,59
1260,3.8,39,9,76
1330,4,42,9,59
1350,3.9,40,9,66
1420,3.5,36,9,52
1180,3.6,37,9,70
1380,3.6,37,10,76
950,3.8,39,10,74
1420,3.8,39,10,59
1220,3.7,38,9,75
1100,4,42,10,58
1210,3.9,40,10,52
1420,3.6,37,10,62
1240,3,31,9,74
1230,3.5,36,10,51
1130,3.5,36,9,53
1340,3.6,37,9,53
1280,3.6,37,10,58
1210,3.8,39,9,61
1490,3.6,37,10,59
1100,3.1,32,10,74
1200,3.8,39,9,52
1030,4,42,9,52
1380,3.6,37,9,62
960,3.3,34,10,59
1310,3.3,34,10,53
950,3.8,39,10,51
1160,3.5,36,9,70
1210,3.5,36,9,55
1100,3.5,36,9,74
1560,3.8,39,10,59
1330,3.8,39,9,57
1280,3.6,37,10,56
1300,4,42,9,59
1340,3.5,36,10,66
1060,3.3,34,10,58
1060,3.4,35,10,52
1570,3.9,40,10,59
1310,3.7,38,10,59
1460,3.9,40,10,52
1050,3.4,35,10,59
1100,3.5,36,10,70
1060,3.4,35,10,52
1560,4,42,10,59
1070,3.9,40,10,59
1390,4,42,9,57
1000,4,42,9,53
1220,3.9,40,9,52
1300,4,42,10,53
1320,4,42,10,51
1270,4,42,10,72
1380,3.5,36,9,74
960,3.8,39,9,53
1420,3.5,36,9,56
1210,3.7,38,10,65
1170,4,42,9,59
990,3.4,35,10,52
1180,3.8,39,9,61
1210,3.7,38,10,74
1140,3.5,36,9,53
1530,4,42,9,59
1420,3.9,40,9,59
1350,3.9,40,10,59
1240,2.2,23,10,52
1470,4,42,9,51
980,3.7,38,9,52
1210,3.8,39,10,59
1310,3.5,36,9,62
1040,4,42,10,59
1320,3.8,39,9,56
1350,4,42,10,58
1320,3.8,39,10,62
1180,3.5,36,10,64
1280,3.8,39,10,72
1380,3.9,40,10,59
1320,3.8,39,9,74
1140,3.5,36,10,76
1280,4,42,9,61
1030,4,42,10,59
970,3.5,36,10,53
1200,3.8,39,9,75
1250,2.9,30,9,70
1280,3.3,34,10,59
1570,4,42,10,59
1160,3.9,40,9,74
1310,3.6,37,9,65
1330,3.8,39,9,58
1070,3.8,39,10,74
1060,3.8,39,10,53
1070,3.5,36,9,60
1100,2.9,30,10,53
1150,3.1,32,10,77
1460,3.8,39,10,59
1420,3.9,40,10,51
1310,3.9,40,9,60
1420,3.7,38,10,69
1530,4,42,10,59
1330,4,42,10,54
1030,4,42,9,74
950,3.8,39,9,74
1480,4,42,10,74
1300,4,42,10,59
1420,3.8,39,9,59
1420,4,42,10,59
1540,3.5,36,9,59
1240,3.8,39,10,70
1010,3.8,39,10,69
1170,3.5,36,9,69
1280,4,42,9,74
1000,3.1,32,10,76
1460,4,42,9,59
890,3.1,32,10,74
1370,3.5,36,9,59
1300,4,42,10,52
1200,4,42,10,54
1100,3.3,34,9,53
1320,3.9,40,9,58
1170,3.5,36,9,52
1280,3.8,39,10,74
1210,3.7,38,9,74
1140,3.6,37,10,59
1310,3.9,40,9,61
1170,3.6,37,9,59
1210,3.8,39,9,58
1210,3.6,37,9,62
1270,3.5,36,9,57
1240,3.8,39,9,64
1420,4,42,10,59
1210,3.3,34,9,74
990,3.3,34,9,56
1050,3.7,38,10,53
1240,4,42,10,64
1390,4,42,9,59
800,2.4,25,9,72
1200,3.7,38,9,53
1070,3.3,34,9,52
1350,3.8,39,9,52
1240,3.4,35,9,59
1150,4,42,9,52
1340,3.4,35,9,56
1040,3.5,36,9,53
1100,3.6,37,9,65
1380,3.7,38,10,56
1170,3.4,35,10,68
970,3.3,34,9,62
1050,3.6,37,10,52
1210,3.8,39,9,56
1110,3.2,33,10,69
1250,2.6,27,10,53
1490,4,42,9,54
1100,3.8,39,10,53
850,3.5,36,10,65
1060,3.4,35,10,51
1420,3.8,39,9,52
1350,3.1,32,10,57
1030,3.4,35,9,74
1330,3.9,40,10,59
1350,3.7,38,10,53
1330,3.8,39,9,65
1290,3.4,35,10,56
1310,3.8,39,9,52
980,3,31,10,70
1170,3.2,33,10,55
1280,4,42,9,66
1350,3.6,37,10,59
1060,2.6,27,10,74
1460,3.8,39,10,59
1290,3.7,38,9,59
1210,3.8,39,10,56
960,3.6,37,9,60
1180,3.7,38,10,55
1410,3.5,36,10,59
1210,3.9,40,10,69
860,3,31,10,74
1180,3.4,35,10,52
1220,3.3,34,10,56
1460,3.6,37,9,57
1340,3.8,39,9,59
1210,3.5,36,10,74
1040,3.6,37,10,70
1170,3,31,10,59
1350,3.5,36,10,58
1270,4,42,9,65
1000,3,31,9,52
1210,3.4,35,10,59
1310,3.8,39,10,60
1080,3.8,39,9,69
950,3.6,37,10,74
1130,3.7,38,9,52
1320,3.5,36,10,70
1350,3.8,39,10,61
1280,3.9,40,9,74
1080,3.2,33,10,53
1080,3.8,39,9,59
1220,3.7,38,10,59
1280,3.9,40,9,66
1290,3.9,40,10,55
1530,3.9,40,10,59
1190,3.4,35,9,57
1130,3,31,9,53
900,2.8,29,9,53
1010,3.3,34,10,74
1100,3.5,36,10,74
960,3.3,34,9,75
1110,3.3,34,10,53
1350,3.4,35,10,57
1460,4,42,10,76
990,3,31,10,58
860,3.9,40,9,62
1000,3.9,40,9,59
1430,3.5,36,10,70
1080,3.9,40,9,52
1490,3.9,40,10,59
1530,3.6,37,10,62
1240,3.6,37,10,74
1420,4,42,10,59
1320,3.9,40,10,59
1350,4,42,10,58
1210,3.6,37,10,74
1060,3,31,10,74
1210,3.8,39,10,59
1110,3.6,37,9,62
1490,3.8,39,9,59
1140,3.9,40,10,73
1060,3.5,36,9,50
1400,3.8,39,9,59
1460,3.8,39,10,74
1420,3.8,39,10,74
840,3.6,37,9,53
1060,4,42,9,74
930,3.1,32,10,56
1130,4,42,10,59
1370,3.3,34,9,54
1210,3.6,37,10,58
1290,3.8,39,9,59
1280,3.7,38,9,59
1490,3.6,37,10,59
1370,3.6,37,10,59
1460,3.9,40,10,52
1210,4,42,9,52
1030,3.7,38,9,63
1240,3.6,37,9,76
1170,3.6,37,10,59
1290,2.8,29,9,59
1420,3.6,37,10,70
1210,3.5,36,10,52
1240,3.8,39,10,58
1420,3.8,39,9,65
1130,3.9,40,9,74
1240,3.8,39,10,55
1030,3.6,37,9,53
1300,3.7,38,9,52
1280,3.8,39,10,56
1400,4,42,10,59
1350,3.5,36,10,56
910,3.8,39,10,53
1180,4,42,9,69
1250,3.5,36,9,52
1010,3.5,36,9,54
1290,3.8,39,9,53
1570,3.9,40,9,59
1140,3.8,39,10,59
990,3,31,9,74
1030,3.7,38,9,57
930,4,42,10,52
1220,3,31,9,56
1420,3.8,39,9,64
1240,3.4,35,10,59
1280,3.9,40,9,55
1330,4,42,10,52
1090,3.8,39,9,65
900,4,42,9,74
990,3.3,34,10,59
1060,2.7,28,10,70
1170,3.8,39,9,56
1280,2.9,30,9,61
1440,4,42,10,70
1280,4,42,9,52
1020,3.5,36,10,58
1240,3.6,37,9,52
1130,3.5,36,9,52
1220,3.7,38,10,53
1230,3.9,40,10,52
1210,3.8,39,10,74
1280,3.6,37,9,52
1260,4,42,9,53
1380,3.7,38,10,59
1420,3.7,38,10,56
990,3.2,33,9,60
1040,3.5,36,9,74
1310,4,42,9,53
1100,3,31,9,74
1260,3.4,35,9,59
1270,3.6,37,10,53
1210,4,42,10,52
1420,3.8,39,10,59
1310,3.3,34,10,74
1310,3,31,9,53
1200,4,42,9,59
1190,3.2,33,10,60
1420,4,42,10,59
1260,3.4,35,10,62
1170,3.8,39,10,70
990,3.1,32,10,56
920,3.2,33,9,70
1530,3.8,39,10,59
1350,3.6,37,10,53
1280,4,42,9,53
1310,3.3,34,10,59
1270,4,42,9,59
1310,4,42,10,61
950,3.5,36,10,53
940,3.3,34,10,50
1170,3.2,33,10,59
1460,2.6,27,9,54
1250,3.8,39,10,63
1380,4,42,10,51
1140,3.5,36,9,65
1460,3.5,36,9,53
940,3.9,40,10,74
1280,3.5,36,9,56
1420,3.5,36,10,69
1160,3,31,10,59
850,3,31,10,76
1240,3.1,32,10,52
1250,4,42,10,52
1350,4,42,9,59
1290,3.9,40,9,52
1210,3.9,40,9,54
1180,4,42,10,59
1340,4,42,9,59
1140,3.7,38,10,53
1240,3.9,40,10,59
1280,3.8,39,9,61
1400,3.8,39,9,70
1130,3.5,36,10,52
1240,2,21,9,53
1220,4,42,9,52
1130,4,42,10,52
1170,3.5,36,9,53
930,3.5,36,9,74
1310,4,42,10,70
1030,3.8,39,10,76
1210,3.7,38,10,59
1360,3.3,34,9,59
1390,3.7,38,10,72
1240,4,42,10,74
1350,4,42,10,74
1130,3.4,35,10,53
960,3.9,40,9,59
1230,3.8,39,9,59
940,2.7,28,10,57
1220,3.8,39,9,52
1560,3.4,35,9,56
1030,4,42,9,74
1350,3.8,39,10,59
980,3.5,36,9,51
1380,4,42,10,52
1010,3.3,34,10,73
1090,3.8,39,10,58
1050,3.4,35,10,53
1160,3.9,40,10,54
1240,3.9,40,10,53
960,3.8,39,9,52
1160,3.6,37,10,52
1310,3.6,37,10,56
1130,3.5,36,9,74
1360,3.7,38,10,59
990,3.7,38,9,70
1040,3.2,33,10,53
1210,3.7,38,10,59
1220,3.9,40,10,59
1100,3.9,40,10,55
1390,4,42,10,52
1210,4,42,10,52
1190,4,42,10,52
1240,3.6,37,10,59
1350,3.4,35,9,59
1350,2.8,29,9,74
1210,3.9,40,10,59
1010,2.8,29,10,59
1380,3.9,40,10,59
1240,3.5,36,9,69
1190,3.8,39,10,53
1560,4,42,10,59
1490,3.8,39,10,59
1380,3.8,39,9,52
1360,3.2,33,10,72
1210,3.9,40,9,70
1280,3.8,39,10,59
850,3,31,9,53
1270,3.4,35,10,53
1560,4,42,10,66
1140,3.5,36,9,65
1310,3.6,37,10,59
1330,3.1,32,9,70
1350,3.8,39,10,76
1460,3.8,39,9,59
1110,4,42,10,74
1560,4,42,9,74
1170,3.2,33,9,56
1170,3.8,39,10,62
1310,3.9,40,10,69
1240,3.6,37,10,59
1350,3.8,39,9,61
1170,3.6,37,10,70
1170,4,42,10,54
1190,4,42,9,58
1250,3.6,37,9,61
1220,3.5,36,9,74
1220,3.9,40,10,52
1290,3.9,40,10,57
1210,3.3,34,10,62
930,3.4,35,10,52
1240,3.5,36,9,76
1310,2.9,30,10,59
1310,3.6,37,10,58
1310,3.6,37,9,76
1130,4,42,9,59
1210,3.9,40,9,59
1070,3.8,39,10,74
1200,3.9,40,10,59
1110,3.5,36,10,74
1230,3.8,39,9,55
1350,3.9,40,10,52
1210,3.8,39,9,59
1230,4,42,10,61
1070,3.7,38,9,62
1040,3.8,39,9,74
1260,3.5,36,10,59
1030,2.8,29,9,76
1140,3.7,38,10,59
1560,2.9,30,10,53
990,3.4,35,10,53
1200,3.1,32,10,52
1130,3.7,38,9,52
1180,3,31,10,59
1100,3.5,36,10,52
910,2.2,23,10,59
1100,2.3,24,9,70
1340,3.3,34,9,65
910,2.9,30,10,52
1370,3.8,39,10,59
1490,3.9,40,10,74
1280,3.2,33,9,59
1370,3.8,39,9,53
1020,3.3,34,9,69
1280,3.9,40,9,59
1310,3.7,38,10,57
1210,3.5,36,9,61
1060,3.6,37,10,61
1460,4,42,10,58
1260,3.8,39,9,74
1460,3.8,39,10,59
1350,3.9,40,10,74
1280,3.8,39,9,74
1090,3.3,34,10,51
1180,3.9,40,10,74
1280,3.5,36,10,53
1350,3.9,40,10,55
1190,3.7,38,9,69
1100,3.7,38,10,57
1280,3.7,38,9,74
1470,3.4,35,10,59
1030,2.8,29,10,58
1060,2.5,26,10,65
1350,3.8,39,10,56
1190,3.9,40,9,59
1310,3.3,34,10,57
1280,3.8,39,9,74
1130,2.9,30,10,76
1240,4,42,9,52
1340,3.9,40,9,54
1120,3.9,40,10,53
1460,4,42,10,68
1490,3.9,40,10,59
1210,3.8,39,10,53
1050,2.8,29,10,70
1360,3.9,40,10,59
1460,4,42,10,59
1300,3.5,36,10,56
1170,4,42,9,69
1070,3.4,35,9,53
1130,3.8,39,9,53
1060,3.7,38,9,58
1070,3.6,37,10,62
1030,3.5,36,10,74
1000,3,31,9,56
1440,3.6,37,9,56
1190,3.3,34,10,76
1280,3.9,40,10,52
880,3.3,34,9,74
1490,3.7,38,10,56
1460,4,42,10,59
1190,3.8,39,9,59
1170,3.9,40,9,69
1470,4,42,10,59
1490,4,42,9,56
1380,4,42,9,52
1390,3.8,39,10,70
1300,3.3,34,9,74
1530,4,42,9,68
760,3.5,36,10,74
1100,4,42,9,55
1210,3.6,37,10,60
1460,4,42,10,59
1100,3.7,38,9,69
1000,3.8,39,10,74
1130,3.8,39,10,53
1460,3.9,40,10,59
990,4,42,9,52
1260,3.3,34,9,54
760,3.2,33,10,76
1210,3.8,39,9,74
1060,2.7,28,10,56
1310,3.4,35,10,57
1420,4,42,10,61
1460,4,42,10,59
1120,3.3,34,10,52
1380,3.7,38,10,59
1300,4,42,9,52
1410,3.8,39,10,58
880,4,42,10,74
1420,3.8,39,9,59
1010,3.7,38,10,59
1240,3.8,39,9,74
970,3.6,37,9,59
1030,4,42,9,59
1460,4,42,10,59
1310,3.9,40,10,52
1350,3.5,36,10,66
1330,3.8,39,10,53
1530,3.9,40,10,52
1070,3.8,39,9,59
1280,3.9,40,10,74
1260,3.9,40,9,75
1280,3.7,38,10,69
1080,3.6,37,10,55
1250,3.7,38,9,52
1400,4,42,10,59
1320,3.8,39,9,53
1270,3.8,39,9,52
1250,3.6,37,10,59
1030,3.9,40,10,74
1380,4,42,10,70
1380,3.5,36,10,69
1310,4,42,10,52
1160,2.5,26,10,53
1250,3.7,38,10,59
940,3,31,9,59
1030,3.4,35,10,74
1460,3.6,37,9,59
1420,4,42,10,52
1380,3.9,40,10,74
1130,3.8,39,9,58
1320,3.5,36,10,53
1170,3.7,38,9,52
1030,3.7,38,10,59
1250,4,42,9,59
1400,3.5,36,9,52
1240,3.8,39,10,70
990,3.5,36,10,74
1250,3.8,39,10,74
1380,3.9,40,10,59
1290,3.8,39,9,57
1170,3.2,33,10,74
1380,3.7,38,9,66
950,3.2,33,9,70
1400,4,42,9,59
1270,3.9,40,10,60
1210,3.3,34,10,53
1400,3.9,40,9,57
1130,3,31,10,74
1080,3.5,36,9,70
1150,3.6,37,10,70
1240,2.9,30,9,53
1420,3.1,32,10,55
1130,3.7,38,9,70
1490,3.6,37,10,57
900,3.7,38,9,76
1380,3.1,32,10,53
1460,4,42,10,59
1230,2.8,29,10,53
1310,3.8,39,10,62
1490,4,42,10,59
1420,3.9,40,10,70
1150,3.5,36,9,53
1150,3.3,34,10,74
1180,2.8,29,10,59
1380,3.7,38,9,70
1140,3.8,39,9,64
1320,2.9,30,9,52
1210,4,42,10,61
1210,3.5,36,9,52
1070,3.6,37,10,70
1340,3.7,38,9,63
1210,3.6,37,9,54
1210,3.9,40,9,52
1010,3.2,33,9,52
1380,3.9,40,10,62
1600,4,42,10,59
1100,3.7,38,9,52
1380,3.6,37,10,59
1130,3.6,37,9,59
1280,4,42,10,59
1170,3.8,39,10,61
1350,4,42,10,57
1040,2.6,27,9,59
1310,3.8,39,10,59
1150,3.5,36,9,53
1050,3.4,35,9,76
1060,3.3,34,10,74
1410,4,42,10,59
1070,3.7,38,10,69
1170,3.2,33,10,74
1420,3.6,37,9,56
1420,3.5,36,10,59
880,4,42,10,53
910,3.3,34,9,52
1380,4,42,10,53
1000,3.8,39,9,58
1380,4,42,10,76
1170,3.5,36,10,74
1530,4,42,9,59
1350,3.2,33,9,52
1460,3.9,40,9,74
1260,3.8,39,9,61
1270,3.8,39,10,64
1240,3.6,37,9,52
1360,3.5,36,9,55
1380,3.5,36,9,52
1280,3.9,40,9,63
1080,3.7,38,10,53
840,3.5,36,10,76
850,3.3,34,10,59
1420,3.2,33,9,61
1070,3.6,37,9,51
1080,3.7,38,9,74
1250,3.8,39,9,56
1240,4,42,10,62
1240,3.5,36,10,51
1260,4,42,9,74
1210,3.7,38,10,52
1260,4,42,10,69
950,3.7,38,9,53
1290,3.7,38,10,59
1160,3.7,38,10,76
1100,3.8,39,10,51
1140,4,42,9,53
940,3.3,34,9,74
1530,3.9,40,10,52
1170,3.7,38,10,59
980,3.4,35,10,53
1210,4,42,9,70
1190,3.7,38,9,58
1220,3.7,38,9,59
1350,3.9,40,10,53
1380,3.9,40,10,59
850,4,42,9,74
1130,3.7,38,9,55
1240,3.2,33,10,53
1490,3.4,35,10,59
1280,3.6,37,10,73
1280,3.6,37,10,56
1070,3.3,34,10,59
1380,3.9,40,9,74
1040,3.5,36,10,55
1290,4,42,10,59
880,3.5,36,10,59
1130,4,42,10,53
1450,4,42,9,59
1140,4,42,9,52
860,3.5,36,9,76
1380,3.6,37,10,59
1380,3.8,39,9,55
1140,3.2,33,10,62
920,3.9,40,9,74
1170,4,42,9,74
1360,3.9,40,9,59
1320,3.9,40,9,60
990,3.4,35,9,55
1420,3.2,33,9,70
1490,3.9,40,9,56
1060,3.7,38,10,53
850,2.9,30,9,59
1460,4,42,10,52
1460,4,42,10,61
1170,4,42,9,52
1460,3.7,38,9,56
1160,3.5,36,9,53
1100,3.7,38,10,52
1170,3.8,39,10,52
1490,4,42,10,59
1490,4,42,10,59
960,3.9,40,9,76
1280,3.7,38,9,59
1320,3.5,36,9,60
1220,3.8,39,9,55
1310,3.7,38,9,52
1070,3.4,35,9,59
1210,3.8,39,9,52
1400,2.9,30,9,56
1090,3.6,37,10,52
950,3.1,32,10,74
1130,3.7,38,9,59
1340,4,42,10,59
1280,3.7,38,9,69
1210,3.6,37,10,51
1150,3.8,39,10,52
1130,3.8,39,10,52
1420,4,42,10,65
1340,3.8,39,10,59
1020,3.6,37,9,59
1380,3.7,38,10,54
1310,3.8,39,9,59
1460,3.5,36,10,52
1370,3.5,36,10,56
1150,3.6,37,10,52
1440,3.3,34,10,59
1180,3.3,34,10,74
1240,3.6,37,10,53
1110,3.6,37,9,74
1420,3.9,40,10,59
1060,3.7,38,10,53
1250,3,31,9,52
1270,3.5,36,10,59
1160,3.9,40,9,59
1250,2.9,30,10,53
1430,3.9,40,9,53
1100,3.2,33,10,56
1130,3.9,40,10,52
1380,3.7,38,10,52
1280,3.7,38,9,55
1490,3.7,38,9,59
1370,3.8,39,9,62
960,3.3,34,9,74
1240,3.6,37,10,59
1410,3.8,39,10,59
1350,3.7,38,10,53
1240,3.8,39,10,74
1130,3.4,35,10,70
1190,4,42,10,58
1240,3.6,37,9,55
1180,3.3,34,10,64
1490,3.7,38,10,59
1100,3.4,35,9,74
1110,4,42,10,55
1160,3,31,10,57
1210,3.7,38,10,72
1210,3.4,35,10,52
1280,3.8,39,10,59
1460,4,42,10,52
1250,3.5,36,10,76
1210,4,42,10,59
1160,3.9,40,10,70
1490,4,42,9,59
1460,3.6,37,10,59
1240,3.8,39,9,56
1310,4,42,9,55
1060,3.7,38,10,69
1460,3.4,35,10,69
1460,4,42,10,59
1280,3.9,40,9,59
1100,4,42,9,74
1350,3.8,39,9,52
890,3.8,39,9,74
810,3.7,38,10,74
1030,2.5,26,9,59
1420,4,42,9,52
1240,3.7,38,10,53
1530,3.9,40,9,59
1390,4,42,9,58
1350,3.8,39,10,64
1170,2.5,26,10,59
1240,3.7,38,9,59
1130,3.6,37,9,59
1100,3.7,38,10,74
1520,4,42,10,59
1270,3.6,37,9,60
1030,3.8,39,9,62
1280,3.9,40,10,51
1490,3.8,39,10,52
1030,3.3,34,10,53
1310,3.6,37,10,57
1230,3.3,34,10,59
1440,3.4,35,9,59
1600,3.8,39,10,56
1290,3.9,40,10,55
1280,3.3,34,10,52
1210,4,42,10,59
780,3,31,9,53
1240,3.7,38,10,57
930,3,31,10,52
1210,3.4,35,10,52
1420,3.9,40,10,69
1200,3.9,40,10,53
810,3.3,34,10,53
1310,3.9,40,10,62
1210,3.4,35,9,62
1350,3.8,39,9,53
1380,3.6,37,10,69
1210,4,42,9,59
1050,3.9,40,9,52
1060,4,42,9,74
1200,3.5,36,9,74
1410,4,42,9,59
880,2.8,29,10,62
1310,3.5,36,9,56
1130,3.3,34,10,51
1000,3.6,37,10,74
1130,3,31,10,53
1030,4,42,10,53
1240,3.8,39,10,59
1350,3.8,39,10,52
1310,3.1,32,10,50
1080,3.5,36,9,54
1180,3.2,33,9,59
1350,3.9,40,9,59
1160,3.1,32,10,53
1350,3.8,39,10,53
990,3.9,40,9,74
1280,4,42,9,74
1060,4,42,9,53
1140,3.8,39,10,56
1310,4,42,10,59
1100,4,42,10,53
1010,3.2,33,10,76
880,3.8,39,10,52
1060,3.6,37,10,74
1040,3.7,38,9,56
960,3,31,10,76
1460,3.6,37,9,56
1210,3.7,38,10,54
1200,3.8,39,9,74
1070,3.5,36,9,52
1210,3.5,36,10,55
1270,3.9,40,10,77
1240,3.8,39,10,52
1210,3.8,39,9,59
1380,4,42,10,57
990,3.9,40,9,53
1280,3.8,39,9,59
1260,3.9,40,9,59
1140,3.4,35,10,74
1360,4,42,9,52
850,3.7,38,10,74
1240,4,42,10,53
1130,3.4,35,9,61
1270,3.5,36,10,52
1280,3.8,39,9,74
1240,4,42,10,61
1420,4,42,9,59
950,3.8,39,10,53
1210,3.6,37,10,50
1160,3.5,36,10,74
1070,2.5,26,10,57
1160,4,42,10,52
920,3.3,34,9,58
1420,3.8,39,9,59
970,3.5,36,10,69
1460,4,42,10,66
1170,3.3,34,10,52
1280,3.5,36,9,53
1060,3.7,38,9,53
990,3.1,32,9,74
990,4,42,10,56
1210,3.3,34,9,59
1420,4,42,10,70
1350,4,42,9,59
1490,4,42,10,53
1200,3.7,38,10,56
1010,3.8,39,9,53
1490,4,42,10,59
1320,3.8,39,9,59
970,3.6,37,9,64
1240,3.7,38,10,74
1210,3.5,36,9,53
960,4,42,10,55
1280,3.7,38,10,53
1110,3.4,35,10,53
1000,3.2,33,9,57
1420,4,42,9,54
1370,4,42,10,54
1230,4,42,9,65
1490,4,42,10,59
1280,3.8,39,9,52
1230,3.5,36,9,58
1100,4,42,10,52
1240,4,42,10,52
1420,3.9,40,9,59
1400,4,42,9,54
1390,3.7,38,10,56
1470,4,42,10,59
1380,3.7,38,10,59
1060,3.5,36,10,59
1130,3,31,10,59
1190,3.7,38,9,58
1330,3.2,33,10,52
1210,3.5,36,9,53
1000,4,42,10,70
950,3.6,37,10,65
1170,2.9,30,10,55
1280,3.8,39,9,50
1280,4,42,10,53
1320,3.7,38,9,59
1280,2.9,30,10,70
1310,2.8,29,10,59
990,2.6,27,10,62
1340,3.6,37,10,53
1060,2.7,28,10,59
830,3,31,10,74
1460,3.9,40,9,61
1130,3.7,38,10,53
870,3.4,35,9,52
1280,3.7,38,10,74
1450,3.6,37,9,59
1380,4,42,10,52
1210,3.9,40,9,74
1230,3.8,39,9,52
860,3.8,39,9,52
1140,3.5,36,10,61
880,3.5,36,9,68
1080,3.9,40,9,62
1130,3.8,39,10,74
1460,4,42,10,53
1270,3.8,39,9,53
1310,3.8,39,9,52
920,2.4,25,10,59
1020,2.5,26,10,74
1440,3.9,40,10,59
1130,3.8,39,10,74
930,3.2,33,10,53
850,2.5,26,10,56
1410,3.7,38,10,59
1180,3.3,34,10,76
1420,4,42,9,59
940,2.4,25,9,59
1280,3.5,36,10,62
950,3.4,35,10,74
1420,4,42,10,59
880,3.4,35,9,59
1400,3.9,40,10,56
1170,3.9,40,9,52
1270,4,42,9,65
1460,4,42,9,70
1210,4,42,10,59
1430,4,42,9,59
1210,3.5,36,10,74
1080,3,31,9,62
1250,3.4,35,10,61
1350,3.9,40,10,74
1310,3,31,10,52
1380,3.6,37,10,52
1380,4,42,10,52
1460,4,42,10,57
880,3.7,38,9,74
1070,3.7,38,10,55
1160,3.7,38,10,59
1340,3.7,38,10,59
1370,4,42,10,62
1240,3.8,39,9,62
930,2.9,30,9,53
1320,3.3,34,9,59
1320,3.9,40,9,59
1560,3.8,39,10,59
1120,3.4,35,10,53
1380,3.9,40,9,57
990,3.7,38,9,53
1060,3.4,35,10,70
1600,3.8,39,9,53
1110,3.6,37,9,76
1310,3.7,38,9,69
1060,3.7,38,10,59
1330,4,42,9,66
1290,3.3,34,10,52
1250,3.8,39,10,53
1130,3.9,40,9,61
1530,3.8,39,10,68
1560,3.9,40,9,59
1090,2.9,30,10,53
1490,3.8,39,10,59
1060,3.5,36,10,56
1160,3.6,37,9,68
1070,4,42,9,60
1220,3.8,39,9,62
1380,4,42,9,59
1240,4,42,10,52
900,3.5,36,9,52
1170,3.8,39,9,59
1310,3.7,38,9,52
1110,3.3,34,10,61
1100,3.9,40,10,59
1310,3.8,39,9,52
1320,3.8,39,9,74
950,2.8,29,9,59
1430,3.9,40,10,74
1380,3.5,36,9,74
1210,2.6,27,9,57
1460,3.9,40,9,55
830,3.5,36,10,69
1130,3.4,35,10,52
1030,3.7,38,10,55
1310,3.7,38,9,54
1440,3.9,40,9,58
1240,4,42,10,57
1380,3.7,38,10,62
1240,3.9,40,10,56
1100,3.6,37,9,70
1420,3.6,37,9,53
1380,3.2,33,10,59
1140,3.6,37,9,57
1490,3.8,39,10,59
1090,3.8,39,9,57
1280,3.5,36,9,55
910,3.4,35,10,53
1110,3.5,36,10,55
1350,4,42,10,73
1350,4,42,10,59
1190,3.7,38,10,74
870,3.5,36,9,53
1100,3.4,35,10,74
1060,3.5,36,10,74
1280,3.8,39,9,62
1290,4,42,9,51
1210,3.8,39,9,59
1060,3.5,36,10,54
1240,3.2,33,9,77
1250,3.7,38,10,59
1420,3.4,35,10,52
820,3.8,39,9,70
1170,3.7,38,10,62
1130,3,31,10,70
1240,3.6,37,10,59
1350,3.2,33,10,56
1430,3.9,40,10,56
1380,3.6,37,9,56
1190,4,42,9,58
1210,3.3,34,10,75
1210,3.9,40,10,74
950,3.8,39,9,57
990,3.5,36,9,62
1210,3.7,38,10,75
1160,3.7,38,10,76
990,3.4,35,9,59
1180,4,42,10,55
1110,4,42,10,65
1190,3.2,33,10,53
1380,3.6,37,10,57
1380,4,42,10,59
1310,4,42,10,70
1280,4,42,9,51
1350,3.9,40,10,51
950,2.9,30,9,53
1050,3.5,36,9,74
1230,3.8,39,10,59
1150,3.7,38,10,68
1210,3.6,37,9,73
1070,3.2,33,10,57
1250,3.9,40,9,53
1280,4,42,9,52
1530,4,42,10,59
1240,3.9,40,9,70
1060,2.9,30,10,53
1460,4,42,10,59
1500,3.9,40,9,69
1310,3.7,38,9,51
1060,4,42,9,53
1420,3.8,39,10,57
1160,3.9,40,10,72
1310,3.3,34,9,59
970,3.8,39,10,52
990,3.3,34,10,62
1340,3.3,34,9,59
1120,3.1,32,9,62
1500,4,42,9,56
1210,3.7,38,9,53
880,2.5,26,9,53
1520,3.7,38,9,66
1280,3.4,35,10,52
1510,4,42,9,52
1210,3.8,39,9,59
1210,4,42,9,58
1310,3.8,39,9,53
1160,3.5,36,10,58
1280,3.8,39,9,62
1040,2.7,28,9,74
1390,3.9,40,10,56
1340,3.2,33,10,52
1160,3.5,36,10,65
1460,3.7,38,10,64
850,3.6,37,10,58
990,4,42,9,74
1420,3.4,35,10,59
1120,3.9,40,9,52
850,3.5,36,9,76
1380,3.7,38,10,68
1470,3.5,36,10,59
950,2.8,29,9,52
1280,3.8,39,9,63
1210,3.7,38,10,57
990,3.3,34,9,74
1320,3.8,39,10,59
1320,4,42,10,74
1190,3.7,38,9,59
1250,2.9,30,10,58
1260,3.8,39,10,74
1280,3.6,37,9,59
1580,3.4,35,10,60
1410,3.8,39,9,74
1290,4,42,9,55
1390,4,42,9,57
1070,4,42,10,61
1490,4,42,9,59
1320,3.8,39,9,53
970,3.2,33,10,53
1380,3.7,38,10,74
1060,3.4,35,10,70
1360,3.9,40,10,57
1280,3,31,10,53
1350,3.9,40,10,56
970,3.4,35,9,54
1170,3.5,36,10,56
1020,3.9,40,10,52
1330,3.5,36,10,53
1420,3.9,40,9,52
1170,3.9,40,10,62
1170,3.3,34,9,74
950,4,42,9,56
1030,3.9,40,10,72
1050,3.8,39,9,52
1210,3.4,35,9,56
1220,3.8,39,10,69
1380,3.8,39,10,58
1240,3.9,40,9,74
1240,3.3,34,10,70
1290,3.4,35,9,52
1240,3.5,36,9,53
1450,3.4,35,10,56
1290,3.9,40,9,65
1260,3.9,40,9,74
1150,3.7,38,9,74
1210,4,42,10,52
1460,3.8,39,9,59
1060,4,42,9,59
1420,4,42,10,74
1600,4,42,9,54
1190,3.4,35,10,52
1530,4,42,10,59
1190,3.6,37,10,59
1310,3.5,36,10,54
1180,3.3,34,10,59
1250,4,42,10,58
1460,3.5,36,10,59
1270,3.3,34,10,76
1240,4,42,10,52
1230,4,42,10,59
1390,4,42,9,56
980,3.9,40,10,73
1420,3.5,36,10,59
1150,3.5,36,10,74
1310,3.8,39,10,59
1490,3.8,39,10,75
960,3.5,36,9,58
850,3.6,37,9,74
1010,3.6,37,10,59
1310,3.5,36,10,59
1060,3.1,32,9,76
1280,3.9,40,10,52
1350,3.5,36,10,70
870,3.6,37,9,69
1100,3.3,34,9,59
1060,3.1,32,10,69
920,3.8,39,10,52
1190,3.8,39,9,56
1090,3.3,34,10,69
1240,3.7,38,10,56
950,3.4,35,9,74
1290,3.7,38,9,59
1310,3.6,37,9,52
1210,3.5,36,9,70
1300,3.7,38,9,59
1240,4,42,10,59
1240,4,42,9,59
1310,3.6,37,10,56
1150,3.7,38,9,74
1130,3.9,40,9,74
1100,3.8,39,9,54
1210,4,42,10,57
1060,3.8,39,9,52
1270,4,42,10,74
1170,3.7,38,9,58
1460,4,42,10,58
1210,3.9,40,9,74
970,4,42,9,59
1150,3.5,36,9,74
1310,2.7,28,9,59
1460,4,42,9,59
1330,3.7,38,9,70
1300,3.6,37,9,55
1380,3.9,40,10,74
1210,4,42,9,53
1230,3.4,35,10,69
1350,3.7,38,9,74
1040,3.4,35,10,59
1350,4,42,9,74
1040,4,42,9,76
1420,4,42,9,60
1070,3.8,39,9,61
1310,3.8,39,9,59
1340,3.9,40,10,56
1130,3.7,38,10,59
1530,3.9,40,9,53
1140,3.7,38,9,57
1310,3.9,40,10,52
1490,3.4,35,9,68
1380,3.7,38,10,53
1230,3.9,40,10,53
1560,3.8,39,9,59
1130,4,42,9,61
1190,4,42,10,52
1240,3.6,37,10,53
1290,4,42,10,74
1330,2.9,30,9,70
1170,3.8,39,10,59
1210,3.7,38,10,52
1380,4,42,9,54
1170,4,42,9,74
1380,4,42,9,59
1510,4,42,10,59
1170,4,42,10,69
1350,3.9,40,10,55
1420,4,42,10,59
1240,4,42,9,53
1010,3,31,9,56
1180,3.8,39,9,54
1270,3.8,39,9,52
1400,4,42,9,59
1310,3.7,38,10,60
990,3.9,40,9,53
1090,3.6,37,10,61
1310,3.5,36,10,59
1380,4,42,9,74
1350,3.2,33,10,74
1060,3.2,33,9,59
880,2.8,29,10,76
1130,3.3,34,10,74
1180,4,42,10,59
920,3.5,36,10,52
1420,3.8,39,9,74
1460,3.8,39,10,52
1330,3.8,39,10,59
1110,3.6,37,10,51
1130,3.5,36,10,65
1230,3.7,38,10,52
1210,4,42,10,59
1490,3.9,40,9,74
1170,2.5,26,10,61
1000,3.4,35,10,53
1350,3.7,38,10,62
1250,3.8,39,9,61
1260,3.5,36,9,53
1280,3.8,39,9,59
1060,3,31,10,74
1200,3.7,38,10,59
1030,3.7,38,9,74
1270,3.9,40,9,60
1080,3.6,37,10,53
1290,3.6,37,9,59
1410,4,42,10,52
1240,4,42,9,52
880,2,21,10,65
1240,3.8,39,10,74
1110,3.8,39,9,59
1040,3.5,36,9,53
920,3.7,38,9,59
1350,4,42,10,69
1170,3.2,33,9,70
1350,3.6,37,10,56
1080,3.6,37,9,59
1380,3,31,10,59
1270,3.2,33,10,59
910,3,31,9,53
1330,3.4,35,10,59
1460,3.9,40,10,59
1350,3.7,38,9,59
920,3.7,38,9,74
1220,3.7,38,9,56
1310,3.8,39,9,59
1200,3.2,33,10,67
1240,3.4,35,10,59
1210,3.4,35,10,52
1210,3.5,36,9,55
1020,3.4,35,9,70
1390,3.9,40,10,59
1480,4,42,9,58
1080,3.5,36,10,59
1060,3.7,38,9,55
1210,3.7,38,9,58
1210,3.5,36,9,59
1180,4,42,10,74
1240,3.6,37,9,65
1320,3.9,40,10,59
1180,3.8,39,9,59
1010,4,42,10,52
1080,3.5,36,9,56
1140,3.8,39,9,53
970,2.9,30,9,57
940,3.8,39,9,74
1280,3.8,39,9,56
1240,3.6,37,10,59
1310,3.2,33,10,53
1210,3.5,36,10,59
1420,4,42,10,66
1490,3.9,40,10,74
920,3,31,9,74
1140,3.5,36,10,74
1240,3.6,37,10,55
1170,3.8,39,10,59
1240,3.6,37,10,69
1120,3.9,40,10,52
990,3.5,36,10,70
1150,3.6,37,10,63
1120,3.4,35,10,74
1210,3.5,36,9,62
920,4,42,9,54
1280,4,42,9,61
1050,3.6,37,10,74
1390,3.8,39,9,53
740,3.2,33,9,70
1080,3.4,35,10,74
1320,3.9,40,9,53
1210,3.6,37,10,59
1240,3.2,33,9,74
1420,3.2,33,9,60
1600,4,42,9,53
1090,3.3,34,10,52
1400,4,42,10,59
1210,3.7,38,9,57
1280,3.6,37,10,62
1560,4,42,9,59
1490,3.9,40,9,52
1290,3.9,40,9,58
1210,3.1,32,10,52
1200,3.4,35,10,59
1110,3.3,34,9,62
1420,3.9,40,9,56
870,2.8,29,9,59
1560,4,42,9,59
1130,3.7,38,9,52
780,2.5,26,10,53
1310,4,42,9,53
990,3.6,37,9,59
1530,3.8,39,10,59
1240,3.7,38,10,58
1170,3.9,40,9,65
1380,3.7,38,10,52
1530,3.6,37,10,53
1270,3.5,36,10,59
1020,3.2,33,10,74
1530,3.7,38,10,59
1100,4,42,9,70
1420,3,31,9,56
1460,3.7,38,10,65
1420,3.7,38,9,57
1420,4,42,9,59
1240,3.6,37,10,53
1400,3.7,38,10,57
1370,3.7,38,10,59
1170,3.8,39,10,61
1420,4,42,10,59
1290,3.9,40,10,59
1280,3.7,38,10,53
1110,3.9,40,9,52
1300,4,42,10,74
1280,4,42,10,53
1140,3.3,34,9,74
1280,3.5,36,9,59
1360,3.6,37,9,59
870,4,42,9,53
1280,3.4,35,10,73
1380,4,42,9,59
1380,3.5,36,9,56
1210,4,42,10,58
1230,3.5,36,10,70
1170,3.4,35,9,53
1030,3.9,40,10,62
1030,4,42,9,59
1200,3.9,40,9,57
1080,3.9,40,9,73
1130,3,31,9,53
1280,4,42,9,53
1310,4,42,9,53
1310,3.6,37,9,53
1230,3.7,38,9,53
1290,4,42,10,52
1320,3.5,36,10,76
990,4,42,10,74
1460,3.2,33,9,69
1230,3.7,38,10,53
1080,3.8,39,9,53
880,3.4,35,10,52
830,3.4,35,9,75
1170,3.9,40,10,53
1220,4,42,9,69
910,3.6,37,9,53
1310,4,42,9,59
1310,3.5,36,10,70
1460,3.6,37,10,59
1220,3.6,37,9,59
1110,3.2,33,10,53
1240,3.8,39,10,59
910,3.5,36,10,74
1420,3.6,37,10,59
1400,3,31,10,53
1290,3.4,35,10,53
920,4,42,9,74
1460,3.8,39,10,52
1130,3.6,37,10,53
1250,4,42,10,52
1420,3,31,9,68
1480,4,42,10,59
1530,3.7,38,9,59
1420,3.7,38,10,74
1530,3.8,39,9,59
1380,3.4,35,10,53
1530,3.9,40,10,59
1150,3.9,40,10,74
1170,3,31,10,74
1280,3.5,36,10,53
1460,3.7,38,10,69
1410,2.9,30,10,59
1230,3.9,40,10,59
1150,3.6,37,10,53
1460,3.9,40,9,52
1460,3.8,39,9,59
1430,3.8,39,9,59
950,4,42,9,52
1360,4,42,10,59
1320,3.8,39,10,59
1160,3.3,34,10,59
1490,3.9,40,10,52
820,3.6,37,10,56
1150,3,31,9,69
1210,3.5,36,10,53
1210,3.8,39,9,58
1200,4,42,10,59
1210,4,42,9,59
1210,3.6,37,10,53
1580,4,42,10,59
1060,3.5,36,10,74
1350,3.6,37,10,70
1380,3.8,39,10,66
1000,3.5,36,10,64
1280,3.9,40,10,59
1050,3.2,33,10,51
1200,3.5,36,9,69
1350,3.9,40,10,63
1060,4,42,9,52
1530,3.8,39,9,56
1100,3.7,38,10,51
1530,4,42,10,59
1090,4,42,10,61
1150,3.7,38,10,59
1310,3.8,39,9,68
1150,3.5,36,10,53
890,3,31,10,74
880,3.6,37,10,74
1280,3.6,37,9,63
960,2.8,29,10,74
1350,4,42,10,59
1170,4,42,10,54
950,3,31,9,58
1080,3.8,39,9,52
1060,4,42,10,53
1330,3.2,33,10,70
1310,3.7,38,9,52
1350,3.8,39,10,59
1320,3.2,33,10,53
1080,3.9,40,10,70
1080,3.7,38,10,70
790,3.7,38,10,53
1170,4,42,9,53
1200,3.5,36,10,59
1460,4,42,10,52
1170,3.7,38,10,52
1210,3.8,39,9,53
1170,4,42,10,74
1200,3,31,10,53
1350,4,42,10,64
1190,3.3,34,10,74
1270,4,42,10,53
1490,3.9,40,10,59
1560,3.9,40,9,59
1240,4,42,9,52
900,4,42,9,52
1250,4,42,9,61
1330,3.9,40,9,60
1310,4,42,9,59
1160,3.4,35,10,59
1210,3.3,34,9,74
1120,3.5,36,9,70
1440,3.2,33,10,52
1270,3.4,35,10,53
1200,3.6,37,9,65
1140,3.6,37,9,59
1460,3.8,39,9,70
1240,3.9,40,10,64
1210,3.9,40,9,59
1260,3.6,37,10,53
1280,4,42,9,66
1380,4,42,9,59
950,3.7,38,10,70
1460,4,42,10,59
1420,4,42,9,52
850,2.8,29,9,52
1150,4,42,10,52
1130,3.6,37,10,53
1130,3.6,37,10,52
1000,2.9,30,9,51
940,3.6,37,9,53
1200,3.4,35,9,53
1100,3.7,38,9,53
1200,3.7,38,10,70
1070,4,42,9,59
1380,3.9,40,9,59
1240,3.8,39,9,76
1180,3.9,40,9,60
1200,3.7,38,10,68
1170,3.8,39,10,60
1280,3.9,40,10,72
1350,3.5,36,9,55
1430,3.9,40,10,65
1100,3.9,40,9,74
1030,3.9,40,9,59
1110,3.8,39,10,52
1070,3.7,38,9,74
1100,2.8,29,10,74
1320,3.8,39,10,59
1470,4,42,10,59
1420,3.8,39,10,52
1420,3.1,32,9,56
940,3.9,40,9,70
1010,3.8,39,10,74
1310,3.4,35,10,59
1350,4,42,9,59
940,3.5,36,10,74
1250,3.8,39,9,57
1380,3.7,38,9,52
920,3.8,39,9,53
920,3.5,36,10,74
1240,3.1,32,10,59
1370,4,42,10,59
1200,4,42,10,53
1240,3.1,32,10,74
1260,4,42,9,70
1490,4,42,9,68
1030,3.8,39,9,52
1420,3.7,38,9,52
1490,3.5,36,10,52
1080,4,42,10,69
1380,4,42,9,59
1370,3.7,38,10,56
1310,3.5,36,10,56
1380,3.8,39,10,59
990,3.8,39,10,63
1280,3.9,40,10,59
1070,3.2,33,10,74
1160,3.8,39,9,54
1490,4,42,10,59
1240,3.8,39,10,61
1330,4,42,10,59
1210,3.6,37,9,52
1490,4,42,10,59
1260,3.3,34,10,53
990,2.8,29,9,74
1070,4,42,9,56
1180,3,31,10,70
1290,3.8,39,10,59
1490,3.7,38,10,52
1210,3.6,37,10,61
1030,2.5,26,10,74
1210,3.4,35,9,52
1230,3.6,37,10,53
1360,3.7,38,9,59
880,3.3,34,10,76
1190,3.6,37,10,70
1350,3.2,33,9,70
1370,3.5,36,10,53
1150,3.8,39,9,69
1060,4,42,9,60
1330,3.5,36,9,70
1380,4,42,10,59
1040,3.3,34,10,72
1400,3.7,38,9,74
1310,3.8,39,9,64
1060,3.9,40,10,74
1170,3.7,38,9,59
950,4,42,9,53
920,3.3,34,9,74
950,2.6,27,9,56
880,3,31,10,74
990,4,42,10,74
1240,3.7,38,10,76
1300,3.5,36,10,66
820,3.8,39,9,58
1350,3.3,34,9,56
1210,3.6,37,10,74
1130,3.8,39,9,58
950,3,31,10,62
1210,3.9,40,10,70
1080,3.4,35,10,59
1270,2.8,29,10,64
1310,3.8,39,9,59
1320,3.8,39,10,52
1060,3.7,38,9,59
1310,3.4,35,10,59
940,3.7,38,9,53
1310,4,42,10,59
1380,3.8,39,9,53
1250,3.9,40,9,59
1120,3.5,36,10,59
1220,3.8,39,9,59
1460,4,42,9,59
1060,2.7,28,10,74
1340,3.4,35,9,53
1350,4,42,10,54
1180,3.7,38,10,65
1420,4,42,10,70
1310,3.5,36,9,52
1360,3.7,38,10,68
1100,3.6,37,9,59
1350,3.5,36,9,55
1290,3.3,34,10,53
1130,3.2,33,10,53
940,3.6,37,10,59
1420,3.8,39,10,59
1280,3.9,40,10,59
1490,4,42,10,59
1290,3.5,36,10,53
1240,3.2,33,10,68
920,3,31,10,52
1220,3.3,34,10,59
1070,3.9,40,9,56
860,3.7,38,9,74
950,4,42,9,57
1110,3.9,40,9,59
1100,3.7,38,10,74
1240,3.4,35,9,52
1530,4,42,10,52
1040,3.6,37,10,55
1170,3.6,37,9,54
1180,3,31,9,59
1490,3.9,40,10,59
1270,3.9,40,9,56
1490,4,42,9,59
1310,3.6,37,10,74
1350,3.9,40,10,63
1030,3.5,36,10,52
1130,3.8,39,10,59
1460,4,42,10,59
1240,3.7,38,9,74
1170,3.6,37,9,53
1240,4,42,10,74
1280,4,42,10,59
1420,3.8,39,10,53
1210,3.9,40,9,69
1250,4,42,9,56
1240,4,42,10,59
1240,3.8,39,10,61
1420,3.9,40,10,74
960,3.4,35,10,59
1120,3.5,36,9,51
1030,2.9,30,10,59
1440,3.9,40,9,70
1280,3.8,39,10,58
1330,3.7,38,9,59
1020,3,31,9,58
1110,4,42,9,69
1130,4,42,9,74
1430,4,42,9,59
